citation_key,claim_id,manuscript_location,verified_scholarly_identifier,source_locator,support_paraphrase,evidence_sha256,verification_status
lee2024,CIT-001,"main article, Section Introduction, source line 146",doi:10.18653/v1/2024.acl-long.268,https://doi.org/10.18653/v1/2024.acl-long.268,Supports the nearby claim: SWEET adapts entropy-thresholded watermarking to generated code,b86b598d4121ac8d49ae4f1b401e140eae3a083f8b22284f685c63e467313e8b,VERIFIED_DOI_RECORD
yang2023,CIT-002,"main article, Section Introduction, source line 146",doi:10.1109/SP54263.2024.00097,https://doi.org/10.1109/SP54263.2024.00097,Supports the nearby claim: SrcMarker embeds messages through lexical and syntactic transformations,9b32e00ba9683a4c82fab08e3ca9f1f27829f4b06ceba147dbf92af30056a740,VERIFIED_DOI_RECORD
guan2024,CIT-003,"main article, Section Introduction, source line 146",doi:10.18653/v1/2024.findings-emnlp.541,https://doi.org/10.18653/v1/2024.findings-emnlp.541,Supports the nearby claim: CodeIP uses grammar-aware multi-bit encoding during generation,04685c27d6b8e8b527530e75fa0db62b6252ee76dd956c0b2a02d9472345e382,VERIFIED_DOI_RECORD
kim2025,CIT-004,"main article, Section Introduction, source line 146",doi:10.18653/v1/2026.findings-eacl.207,https://doi.org/10.18653/v1/2026.findings-eacl.207,"Supports the nearby claim: STONE restricts embedding to non-syntax tokens and combines correctness, detectability, and naturalness",6ffd1709478e3eeed4470623f6aae4ef3407a6fdc149074798f62b651c315f84,VERIFIED_DOI_RECORD
xiao2025,CIT-005,"main article, Section Introduction, source line 146",doi:10.1145/3728952,https://doi.org/10.1145/3728952,Supports the nearby claim: DeCoMa studies watermark removal from code datasets,0388a137c7253c95928a3ab1dc620523f757b433cc21aa1f9dbf3af8af17597d,VERIFIED_DOI_RECORD
zhang2025,CIT-006,"main article, Section Introduction, source line 146",doi:10.48550/arXiv.2507.05512,https://doi.org/10.48550/arXiv.2507.05512,Supports the nearby claim: A recent preprint examines obfuscation attacks on n-gram watermarks,3e997b41be6739d125372b7c96aa581aebaeda3f88f5a291134adba36ac9b50a,VERIFIED_DOI_RECORD
choi2026,CIT-007,"main article, Section Introduction, source line 146",doi:10.48550/arXiv.2607.06009,https://doi.org/10.48550/arXiv.2607.06009,Supports the nearby claim: Another distributes payloads across several syntactic channels,6f0ab1ccb935fca0ac8b0daa490f23692e911f3a9c9926f2b97207946a8e4809,VERIFIED_DOI_RECORD
cronbach1955,CIT-008,"main article, Section Introduction, source line 148",doi:10.1037/h0040957,https://doi.org/10.1037/h0040957,Supports the nearby claim: Construct validity asks whether an operationalization supports the interpretation attached to it,4af8b0241cb89756d7949d305d8cbd09f477b8c7fa9ac7ae64df183677d76d78,VERIFIED_DOI_RECORD
campbell1959,CIT-009,"main article, Section Introduction, source line 148",doi:10.1037/h0046016,https://doi.org/10.1037/h0046016,Supports the nearby claim: Convergent and discriminant evidence test whether indicators agree where they should and separate where they should not,1a8e8fd1c4e7ebb880de0564a53c637595c5997318db1395662491319670ff0a,VERIFIED_DOI_RECORD
fenton1994,CIT-010,"main article, Section Introduction, source line 148",doi:10.1109/32.268921,https://doi.org/10.1109/32.268921,Supports the nearby claim: Software measurement reaches the same practical conclusion: a convenient numerical representation is not automatically a valid measure of the attribute named after it,2930e1cf475ee5181746c70dc4b779e1eaa7c7245a07e711609a884e189947b9,VERIFIED_DOI_RECORD
ralph2018,CIT-011,"main article, Section A Claim Calculus for Watermark Evaluation, subsection From observations to warranted claims, source line 157",doi:10.1145/3210459.3210461,https://doi.org/10.1145/3210459.3210461,Supports the nearby claim: Ralph and Tempero show how validity arguments weaken when the intended interpretation is left implicit,ea01061663157c7f15c1a5f459b7708ac959752d7b31f255cb8290aa28d5a3ef,VERIFIED_DOI_RECORD
sjoberg2023,CIT-012,"main article, Section A Claim Calculus for Watermark Evaluation, subsection From observations to warranted claims, source line 157",doi:10.1109/TSE.2022.3176725,https://doi.org/10.1109/TSE.2022.3176725,Supports the nearby claim: Sjøberg and Bergersen connect a construct to an operationalization that can be challenged by evidence,d8dba3d6f6c7230e0b473a17f002e67db241b4adcc730ca7c2abe2ee0b748737,VERIFIED_DOI_RECORD
sjoberg2023reporting,CIT-013,"main article, Section A Claim Calculus for Watermark Evaluation, subsection From observations to warranted claims, source line 157",doi:10.1145/3593434.3593449,https://doi.org/10.1145/3593434.3593449,Supports the nearby claim: Their reporting guidance recommends identifying the threatened interpretation rather than appending a generic checklist,4636e6a9225725e4eccd6c40880dc67f7001770003e0b910edf873d2142467a3,VERIFIED_DOI_RECORD
graziotin2022,CIT-014,"main article, Section A Claim Calculus for Watermark Evaluation, subsection From observations to warranted claims, source line 157",doi:10.1145/3469888,https://doi.org/10.1145/3469888,"Supports the nearby claim: organize reliability, convergence, discrimination, and fairness as distinct properties of an instrument",7a0599ba6a4999440826a9b533cc7ef382c1971ff2284e71762bfacc42ffb0fa,VERIFIED_DOI_RECORD
jia2011,CIT-015,"main article, Section A Claim Calculus for Watermark Evaluation, subsection The four automatic constructs, source line 232",doi:10.1109/TSE.2010.62,https://doi.org/10.1109/TSE.2010.62,Supports the nearby claim: Mutation testing is established as a test-adequacy and experimental technique,e45dd309342d936b1a984b80179ec253e5e374f9d32ae456f05646059f3d2e8d,VERIFIED_DOI_RECORD
kitchenham1995,CIT-016,"main article, Section A Claim Calculus for Watermark Evaluation, subsection The four automatic constructs, source line 248",doi:10.1109/32.489070,https://doi.org/10.1109/32.489070,Supports the nearby claim: Software measurement guidance recommends retaining vectors when artificial scalarization obscures attribute structure,f174c2ae73d33b7ddb25db26d2000254c87dc5c8c88b2f79fb6909e2e2a4587a,VERIFIED_DOI_RECORD
vonkistowski2015,CIT-017,"main article, Section A Claim Calculus for Watermark Evaluation, subsection The four automatic constructs, source line 260",doi:10.1145/2668930.2688819,https://doi.org/10.1145/2668930.2688819,Supports the nearby claim: This follows benchmark methodology that ties procedures to a declared purpose and workload,1cc5d68df67249972e0c53536fc21ecf0c5ef1b5151da577a0a4022d3ec00ad1,VERIFIED_DOI_RECORD
hasselbring2021,CIT-018,"main article, Section A Claim Calculus for Watermark Evaluation, subsection The four automatic constructs, source line 260",doi:10.1145/3463274.3463361,https://doi.org/10.1145/3463274.3463361,Supports the nearby claim: Benchmarking as an empirical standard likewise depends on explicit workload and comparison contracts,331a8d791a9b7fca469d65dd1a8373ae446795d6048608bdf78ea6ae2f00f564,VERIFIED_DOI_RECORD
clopper1934,CIT-019,"main article, Section A Claim Calculus for Watermark Evaluation, subsection The four automatic constructs, source line 274",doi:10.1093/biomet/26.4.404,https://doi.org/10.1093/biomet/26.4.404,Supports the nearby claim: We use exact Clopper--Pearson intervals under the binomial model,d713fe8c68e5272e2d994036bf5a8066ddc6f937f399a175f61e951e94b4fa49,VERIFIED_DOI_RECORD
kim2025,CIT-020,"main article, Section A Claim Calculus for Watermark Evaluation, subsection Why human claims remain separate, source line 286",doi:10.18653/v1/2026.findings-eacl.207,https://doi.org/10.18653/v1/2026.findings-eacl.207,Supports the nearby claim: Naturalness is a legitimate watermark concern in prior system work,6ffd1709478e3eeed4470623f6aae4ef3407a6fdc149074798f62b651c315f84,VERIFIED_DOI_RECORD
yang2023,CIT-021,"main article, Section Evaluation Architecture, subsection Measurement procedures and estimands, source line 471",doi:10.1109/SP54263.2024.00097,https://doi.org/10.1109/SP54263.2024.00097,Supports the nearby claim: SrcMarker reports per-bit agreement and exact payload recovery,9b32e00ba9683a4c82fab08e3ca9f1f27829f4b06ceba147dbf92af30056a740,VERIFIED_DOI_RECORD
guan2024,CIT-022,"main article, Section Evaluation Architecture, subsection Measurement procedures and estimands, source line 471",doi:10.18653/v1/2024.findings-emnlp.541,https://doi.org/10.18653/v1/2024.findings-emnlp.541,Supports the nearby claim: CodeIP tests exact equality over the message prefix available at the generated length,04685c27d6b8e8b527530e75fa0db62b6252ee76dd956c0b2a02d9472345e382,VERIFIED_DOI_RECORD
lee2024,CIT-023,"main article, Section Evaluation Architecture, subsection Measurement procedures and estimands, source line 471",doi:10.18653/v1/2024.acl-long.268,https://doi.org/10.18653/v1/2024.acl-long.268,Supports the nearby claim: SWEET summarizes discrimination by AUROC and TPR at declared false-positive bounds,b86b598d4121ac8d49ae4f1b401e140eae3a083f8b22284f685c63e467313e8b,VERIFIED_DOI_RECORD
kim2025,CIT-024,"main article, Section Evaluation Architecture, subsection Measurement procedures and estimands, source line 471",doi:10.18653/v1/2026.findings-eacl.207,https://doi.org/10.18653/v1/2026.findings-eacl.207,"Supports the nearby claim: STONE averages correctness, detectability, and perplexity-based naturalness",6ffd1709478e3eeed4470623f6aae4ef3407a6fdc149074798f62b651c315f84,VERIFIED_DOI_RECORD
chen2018,CIT-025,"main article, Section Empirical Findings, subsection Executable semantics and source proxies, source line 735",doi:10.1145/3143561,https://doi.org/10.1145/3143561,Supports the nearby claim: Metamorphic testing similarly relies on executable relations when direct expected outputs are difficult to obtain,185e23eee14981c8656375ca38b47a3787cf10fc327f9f371ee8ce93feffeca7,VERIFIED_DOI_RECORD
collberg1999,CIT-026,"main article, Section Related Work, subsection Watermark mechanisms and attack models, source line 1115",doi:10.1145/292540.292569,https://doi.org/10.1145/292540.292569,Supports the nearby claim: Dynamic execution entered this relation in early program-watermark models,e201dc98e7d56561988c3e212980183596329e7d01bd53b57d2aab4ad28be90d,VERIFIED_DOI_RECORD
palsberg2000,CIT-027,"main article, Section Related Work, subsection Watermark mechanisms and attack models, source line 1115",doi:10.1109/ACSAC.2000.898885,https://doi.org/10.1109/ACSAC.2000.898885,Supports the nearby claim: Representation choices were shown to change cost and resilience,c5f63f90c9c65f03f83658d795727c6b827c3aeacd4b830806b5934a0cc05f13,VERIFIED_DOI_RECORD
monden2000,CIT-028,"main article, Section Related Work, subsection Watermark mechanisms and attack models, source line 1115",doi:10.1109/CMPSAC.2000.884716,https://doi.org/10.1109/CMPSAC.2000.884716,Supports the nearby claim: Transformation-based identifiers were evaluated in executable Java programs,458402d0021373c36404c683246f09289e0e7e6983ec6a8bffbbad43e6178dc1,VERIFIED_DOI_RECORD
venkatesan2001,CIT-029,"main article, Section Related Work, subsection Watermark mechanisms and attack models, source line 1115",doi:10.1007/3-540-45496-9_12,https://doi.org/10.1007/3-540-45496-9_12,Supports the nearby claim: Graph encodings exposed watermarks to graph-level attacks,b88c8349e95e8122a523216d3c18f2e12c0c004178b9e705ebc8d835af24689b,VERIFIED_DOI_RECORD
collberg2002tools,CIT-030,"main article, Section Related Work, subsection Watermark mechanisms and attack models, source line 1115",doi:10.1109/TSE.2002.1027797,https://doi.org/10.1109/TSE.2002.1027797,Supports the nearby claim: Watermarking was later positioned beside obfuscation and tamper resistance,26d4d6154957aafdc8835b72d6cfd3636f21881ee64adbd588f353f992ee971d,VERIFIED_DOI_RECORD
nagra2002taxonomy,CIT-031,"main article, Section Related Work, subsection Watermark mechanisms and attack models, source line 1115",doi:10.1145/563857.563822,https://doi.org/10.1145/563857.563822,"Supports the nearby claim: A functional taxonomy separated embedding, recognition, stealth, and resilience",8f3f6c4d867bf2a8028e451bf0decabf3ee8efcc3e4d1a2a834bbbed8759fbda,VERIFIED_DOI_RECORD
collberg2003sandmark,CIT-032,"main article, Section Related Work, subsection Watermark mechanisms and attack models, source line 1115",doi:10.1109/MSECP.2003.1219058,https://doi.org/10.1109/MSECP.2003.1219058,Supports the nearby claim: SandMark enabled multiple embedders and attacks to be compared in one framework,0b6dd60bb6414b06ec0f42ee8acc081c03ed5dcfa2232aecd8f82e09aa252360,VERIFIED_DOI_RECORD
cousot2004,CIT-033,"main article, Section Related Work, subsection Watermark mechanisms and attack models, source line 1115",doi:10.1145/964001.964016,https://doi.org/10.1145/964001.964016,Supports the nearby claim: Abstract interpretation supplied semantic conditions for insertion and attack,56613c6dcaaa34cccf829503e3f5eccab4474005d3bed35287d841ac612769ac,VERIFIED_DOI_RECORD
myles2004register,CIT-034,"main article, Section Related Work, subsection Watermark mechanisms and attack models, source line 1117",doi:10.1007/978-3-540-24691-6_21,https://doi.org/10.1007/978-3-540-24691-6_21,Supports the nearby claim: Register-allocation watermarks depend on compiler allocation decisions,aba6f7f05b2367c7eb00da97320f61e6a5700e5f7dbf305f5ebb1f0aebbe1fef,VERIFIED_DOI_RECORD
nagra2004threading,CIT-035,"main article, Section Related Work, subsection Watermark mechanisms and attack models, source line 1117",doi:10.1007/978-3-540-30114-1_15,https://doi.org/10.1007/978-3-540-30114-1_15,Supports the nearby claim: Thread-scheduling watermarks introduce concurrency assumptions,c7c6ff4ca3f12f2329c965cfbbff90f167010f1ed74f97ff9b8e978f1ec03fcb,VERIFIED_DOI_RECORD
collberg2004dynamicpath,CIT-036,"main article, Section Related Work, subsection Watermark mechanisms and attack models, source line 1117",doi:10.1145/996841.996856,https://doi.org/10.1145/996841.996856,Supports the nearby claim: Dynamic-path watermarks condition recognition on selected executions,42feb6083b0461feaa62b3f59e1f2e33b6ee8476697341ef36eefe3f18feadd5,VERIFIED_DOI_RECORD
collberg2009graph,CIT-037,"main article, Section Related Work, subsection Watermark mechanisms and attack models, source line 1117",doi:10.1016/j.infsof.2008.09.016,https://doi.org/10.1016/j.infsof.2008.09.016,Supports the nearby claim: Graph-watermark experiments show that encoding choice changes both cost and resilience,b847fccce594dbdc84c21a321fa88204cb9bc5d08372997586e0125355e10796,VERIFIED_DOI_RECORD
suresh2024,CIT-038,"main article, Section Related Work, subsection Watermark mechanisms and attack models, source line 1119",doi:10.48550/arXiv.2403.17983,https://doi.org/10.48550/arXiv.2403.17983,Supports the nearby claim: A recent preprint reports that semantics-preserving code transformations can sharply reduce the detectability of existing generated-code watermarks,657910630c486423cb589dce4873cf7c86e248f7a2921c52302102104223ea6b,VERIFIED_DOI_RECORD
kirchenbauer2023,CIT-039,"main article, Section Related Work, subsection Watermark mechanisms and attack models, source line 1119",formal-record:https://proceedings.mlr.press/v202/kirchenbauer23a.html,https://proceedings.mlr.press/v202/kirchenbauer23a.html,Supports the nearby claim: Keyed token partitions couple detection to sequence length and token distributions,ca52a460c6df5c972cafdccb59f8ec82d12cefd0229ad410a6329fe020e9166e,VERIFIED_FORMAL_SCHOLARLY_RECORD
kirchenbauer2024,CIT-040,"main article, Section Related Work, subsection Watermark mechanisms and attack models, source line 1119",formal-record:https://proceedings.iclr.cc/paper_files/paper/2024/hash/d78e9e4316e1714fbb0f20be66f8044c-Abstract-Conference.html,https://proceedings.iclr.cc/paper_files/paper/2024/hash/d78e9e4316e1714fbb0f20be66f8044c-Abstract-Conference.html,"Supports the nearby claim: Reliability studies separate removal, spoofing, quality, and calibration",314c202062a2bbf0788d25c5bbaa5b09f226635582be99f91c0e032983eb9532,VERIFIED_FORMAL_SCHOLARLY_RECORD
wu2024dipmark,CIT-041,"main article, Section Related Work, subsection Watermark mechanisms and attack models, source line 1119",formal-record:https://proceedings.mlr.press/v235/wu24h.html,https://proceedings.mlr.press/v235/wu24h.html,Supports the nearby claim: DiPmark constrains marginal token probabilities,56668d7c8aeafcd566fe8d68be04ed01604fd8b32dc425a8c39f707f4a76ed09,VERIFIED_FORMAL_SCHOLARLY_RECORD
hu2024,CIT-042,"main article, Section Related Work, subsection Watermark mechanisms and attack models, source line 1119",formal-record:https://proceedings.iclr.cc/paper_files/paper/2024/hash/c5b00c5bdcc6fe35907dbcca03d27652-Abstract-Conference.html,https://proceedings.iclr.cc/paper_files/paper/2024/hash/c5b00c5bdcc6fe35907dbcca03d27652-Abstract-Conference.html,Supports the nearby claim: Unbiased reweighting also targets distribution preservation,c675715608e8860be913cff5c3b40c56712029359b42fddb110e1401fe9282a7,VERIFIED_FORMAL_SCHOLARLY_RECORD
christ2024,CIT-043,"main article, Section Related Work, subsection Watermark mechanisms and attack models, source line 1119",formal-record:https://proceedings.mlr.press/v247/christ24a.html,https://proceedings.mlr.press/v247/christ24a.html,Supports the nearby claim: Computationally undetectable constructions distinguish authorized detection from outside distinguishability,256f8e6988fa999f6db1de88ad060c6dc41cba197d121a8d7044b541152b6f2b,VERIFIED_FORMAL_SCHOLARLY_RECORD
zhao2024,CIT-044,"main article, Section Related Work, subsection Watermark mechanisms and attack models, source line 1119",formal-record:https://proceedings.iclr.cc/paper_files/paper/2024/hash/beae9ed5316bcc48e616754c06c11875-Abstract-Conference.html,https://proceedings.iclr.cc/paper_files/paper/2024/hash/beae9ed5316bcc48e616754c06c11875-Abstract-Conference.html,Supports the nearby claim: Provable robustness makes the admissible edit model explicit,8d0aa221f2a9094e6a64ecebbcc3bf6924af8780576a552a63e17ee92b035791,VERIFIED_FORMAL_SCHOLARLY_RECORD
dathathri2024,CIT-045,"main article, Section Related Work, subsection Watermark mechanisms and attack models, source line 1119",doi:10.1038/s41586-024-08025-4,https://doi.org/10.1038/s41586-024-08025-4,"Supports the nearby claim: Production-scale evaluations report detectability across several models, temperatures, and text lengths rather than as a single context-free operating point",9a5e825a6cc06ec8016c1166aaecb979adc30613bf7ccd52b90e2e0db9b4328a,VERIFIED_DOI_RECORD
demillo1978,CIT-046,"main article, Section Related Work, subsection Executable and structural evidence, source line 1122",doi:10.1109/C-M.1978.218136,https://doi.org/10.1109/C-M.1978.218136,Supports the nearby claim: The competent-programmer and coupling-effect hypotheses motivate mutants without making every mutant natural,627b7e8e76adeeac7e1da1dd24e5dd5012fd95d426b335bdda218e25e5a4d401,VERIFIED_DOI_RECORD
andrews2005,CIT-047,"main article, Section Related Work, subsection Executable and structural evidence, source line 1122",doi:10.1145/1062455.1062530,https://doi.org/10.1145/1062455.1062530,Supports the nearby claim: Comparisons with hand-seeded faults make representativeness empirical,bfec4e10d8a4ebc8bd69254c8f6d1e9cd240e220c1a828e58e592744c2c0c463,VERIFIED_DOI_RECORD
just2014,CIT-048,"main article, Section Related Work, subsection Executable and structural evidence, source line 1122",doi:10.1145/2610384.2628055,https://doi.org/10.1145/2610384.2628055,Supports the nearby claim: Defects4J supplies reproducible real faults when exhaustive domains are unavailable,66afdfb160fed8134bcb0d59d1cb1930bd8cc164220982dd6ac58d6fd944317b,VERIFIED_DOI_RECORD
papadakis2019,CIT-049,"main article, Section Related Work, subsection Executable and structural evidence, source line 1122",doi:10.1016/bs.adcom.2018.03.015,https://doi.org/10.1016/bs.adcom.2018.03.015,"Supports the nearby claim: Mutation surveys document the effects of operator choice, selection, and equivalent mutants",9f18739d5a101b000c7cab5430654120b8e15cc0008b972390ddb461fbb17f7f,VERIFIED_DOI_RECORD
barr2015,CIT-050,"main article, Section Related Work, subsection Executable and structural evidence, source line 1124",doi:10.1109/TSE.2014.2372785,https://doi.org/10.1109/TSE.2014.2372785,Supports the nearby claim: Partial and derived oracles constrain supported claims,3b0fa1308a0e0693cb12913a871a2859d81c1846f02580fe46055678847e8365,VERIFIED_DOI_RECORD
weyuker1982,CIT-051,"main article, Section Related Work, subsection Executable and structural evidence, source line 1124",doi:10.1093/comjnl/25.4.465,https://doi.org/10.1093/comjnl/25.4.465,Supports the nearby claim: Oracle-free programs require relations or partial specifications,2fd4f6ecbf27ab7d65c08f94ec7146092f26aa7778954386cb73e7bece1e291e,VERIFIED_DOI_RECORD
yang2011compiler,CIT-052,"main article, Section Related Work, subsection Executable and structural evidence, source line 1124",doi:10.1145/1993498.1993532,https://doi.org/10.1145/1993498.1993532,Supports the nearby claim: Differential testing finds compiler defects through implementation disagreement,09a18c3dfa538a5d3f44eea3ce1c42cbb920ab794d8b828d123df273be743d0e,VERIFIED_DOI_RECORD
le2014emi,CIT-053,"main article, Section Related Work, subsection Executable and structural evidence, source line 1124",doi:10.1145/2594291.2594334,https://doi.org/10.1145/2594291.2594334,Supports the nearby claim: Equivalence modulo inputs conditions transformations on observed executions,5db0b1f02bec6cfecbfb61f810aa8ee4880313b4dcd278c663030195bf49a1c4,VERIFIED_DOI_RECORD
necula2000,CIT-054,"main article, Section Related Work, subsection Executable and structural evidence, source line 1124",doi:10.1145/349299.349314,https://doi.org/10.1145/349299.349314,Supports the nearby claim: Translation validation checks each produced program against a semantic relation,a937371a510cb604b382303f2a980796d0c5edaa41721e4d5c2b7fd70affcfd9,VERIFIED_DOI_RECORD
segura2016,CIT-055,"main article, Section Related Work, subsection Executable and structural evidence, source line 1124",doi:10.1109/TSE.2016.2532875,https://doi.org/10.1109/TSE.2016.2532875,Supports the nearby claim: Metamorphic testing derives relations among executions when pointwise outcomes are unavailable,0024ff60d9ae29889f963066cec20a323732c6db6069ee9dc8ce753f84d4b0c1,VERIFIED_DOI_RECORD
zhang1989,CIT-056,"main article, Section Related Work, subsection Executable and structural evidence, source line 1126",doi:10.1137/0218082,https://doi.org/10.1137/0218082,Supports the nearby claim: Tree-edit distance depends on its tree and edit model,b9a582d67bf6e10a0bfd2bcdcc8de89a2c9d5c727dfcaaf59f30ec3f5d347ebd,VERIFIED_DOI_RECORD
kamiya2002,CIT-057,"main article, Section Related Work, subsection Executable and structural evidence, source line 1126",doi:10.1109/TSE.2002.1019480,https://doi.org/10.1109/TSE.2002.1019480,Supports the nearby claim: Token clone detection abstracts from distinctions retained by syntax trees,8fd9f21456721d9b34a285bace84b4ac6a2d25b2dd97ded00bac9d86180d9196,VERIFIED_DOI_RECORD
bellon2007,CIT-058,"main article, Section Related Work, subsection Executable and structural evidence, source line 1126",doi:10.1109/TSE.2007.70725,https://doi.org/10.1109/TSE.2007.70725,Supports the nearby claim: Clone-detector results depend on corpus and taxonomy,b3ddc9411dd8935b83932e61f6b3bf8f3e13fce2bfcf0c58563d60475a596688,VERIFIED_DOI_RECORD
jiang2007,CIT-059,"main article, Section Related Work, subsection Executable and structural evidence, source line 1126",doi:10.1109/ICSE.2007.30,https://doi.org/10.1109/ICSE.2007.30,Supports the nearby claim: Vectorized syntax trades order for scalable matching,e5dacb8e1cc0baa7cf017375442198699fbe4d89478ec2eaba8a6d0530830a84,VERIFIED_DOI_RECORD
roy2009,CIT-060,"main article, Section Related Work, subsection Executable and structural evidence, source line 1126",doi:10.1016/j.scico.2009.02.007,https://doi.org/10.1016/j.scico.2009.02.007,Supports the nearby claim: Clone surveys require supported clone types to accompany performance claims,48f7380e5047810c540332747e83d4d22e509e3e5c951f2d6ed634c8f1ea399f,VERIFIED_DOI_RECORD
svajlenko2014,CIT-061,"main article, Section Related Work, subsection Executable and structural evidence, source line 1126",doi:10.1109/ICSME.2014.77,https://doi.org/10.1109/ICSME.2014.77,Supports the nearby claim: BigCloneBench shows that inter-project composition changes measured recall,6a4cd78bdb13c66f7c405af9984cc33d824095a5bdd2ef74a3f4bac05900f3b1,VERIFIED_DOI_RECORD
sajnani2016,CIT-062,"main article, Section Related Work, subsection Executable and structural evidence, source line 1126",doi:10.1145/2884781.2884877,https://doi.org/10.1145/2884781.2884877,Supports the nearby claim: SourcererCC scales a token representation distinct from tree similarity,aa42d8b6535d734de81f5b4baf0b8094ae788caed2eb46f34310154b9086896d,VERIFIED_DOI_RECORD
buse2010,CIT-063,"main article, Section Related Work, subsection Executable and structural evidence, source line 1126",doi:10.1109/TSE.2009.70,https://doi.org/10.1109/TSE.2009.70,Supports the nearby claim: Readability models instead rely on human labels,1ef0f8910baf8711cdc47b8edcab1d18bc7e4e2c067eae55f6034545c72ac8ea,VERIFIED_DOI_RECORD
scalabrino2018,CIT-064,"main article, Section Related Work, subsection Executable and structural evidence, source line 1126",doi:10.1002/smr.1958,https://doi.org/10.1002/smr.1958,Supports the nearby claim: Broader models also retain ratings as the outcome,d1191314aa2d5898037a076337e2ed8d2dadf7a0c0552c350feb9c2cb3463857,VERIFIED_DOI_RECORD
messick1995,CIT-065,"main article, Section Related Work, subsection Measurement validity, benchmark composition, and overfitting, source line 1129",doi:10.1037/0003-066X.50.9.741,https://doi.org/10.1037/0003-066X.50.9.741,Supports the nearby claim: Messick integrates score meaning and consequences,5463897354eb4176878f8b555f57831651cdc5d361fd6b4062a60ef21b7e2b10,VERIFIED_DOI_RECORD
borsboom2004,CIT-066,"main article, Section Related Work, subsection Measurement validity, benchmark composition, and overfitting, source line 1129",doi:10.1037/0033-295X.111.4.1061,https://doi.org/10.1037/0033-295X.111.4.1061,Supports the nearby claim: connect an attributed property to variation in the measure,9834b0a06821c703eeca5b28ecfc8d8c91a7e16dbcfa0b43d4b90918f8c41110,VERIFIED_DOI_RECORD
kane2013,CIT-067,"main article, Section Related Work, subsection Measurement validity, benchmark composition, and overfitting, source line 1129",doi:10.1111/jedm.12000,https://doi.org/10.1111/jedm.12000,Supports the nearby claim: Kane frames validation as an interpretive argument,85c25aca2841e8f3b085ceab6879501f2460250a9e3aa7fd2fe92aa6edbd946f,VERIFIED_DOI_RECORD
flake2017,CIT-068,"main article, Section Related Work, subsection Measurement validity, benchmark composition, and overfitting, source line 1129",doi:10.1177/1948550617693063,https://doi.org/10.1177/1948550617693063,Supports the nearby claim: document recurring construct underspecification and weak discriminant evidence,3bfa2b895a9ca56cf126438cfa9834c66beb00e0576c928ad144d6cb05ec321e,VERIFIED_DOI_RECORD
fenton1994,CIT-069,"main article, Section Related Work, subsection Measurement validity, benchmark composition, and overfitting, source line 1131",doi:10.1109/32.268921,https://doi.org/10.1109/32.268921,Supports the nearby claim: Fenton starts from an empirical relational system,2930e1cf475ee5181746c70dc4b779e1eaa7c7245a07e711609a884e189947b9,VERIFIED_DOI_RECORD
briand1996,CIT-070,"main article, Section Related Work, subsection Measurement validity, benchmark composition, and overfitting, source line 1131",doi:10.1109/32.481535,https://doi.org/10.1109/32.481535,Supports the nearby claim: define property-based criteria for software measures,c5457f5c173f269cc1a6abee1a07d873929f15c25f1649dbaa6b891111b20675,VERIFIED_DOI_RECORD
schneidewind1992,CIT-071,"main article, Section Related Work, subsection Measurement validity, benchmark composition, and overfitting, source line 1131",doi:10.1109/32.135774,https://doi.org/10.1109/32.135774,Supports the nearby claim: Schneidewind validates metrics against a declared quality purpose,6f513a16fa746e87cdae70e7ffffa1dcd31ad507c8fb7c3f451bc94c16e8d810,VERIFIED_DOI_RECORD
mackenzie2011,CIT-072,"main article, Section Related Work, subsection Measurement validity, benchmark composition, and overfitting, source line 1131",doi:10.2307/23044045,https://doi.org/10.2307/23044045,Supports the nearby claim: distinguish failures of reflective and formative models,f0944f078a8fd5dd17a9bd633434cde1eb9c1b778e8386eec7d9dfcf376ec6be,VERIFIED_DOI_RECORD
meneely2013,CIT-073,"main article, Section Related Work, subsection Measurement validity, benchmark composition, and overfitting, source line 1131",doi:10.1145/2377656.2377661,https://doi.org/10.1145/2377656.2377661,Supports the nearby claim: separate several software-metric validation philosophies,ac0822618ef435fbbd37086ddd1773e601a4f103c95a4832ee3ac3b5bff736d8,VERIFIED_DOI_RECORD
myrtveit2005,CIT-074,"main article, Section Related Work, subsection Measurement validity, benchmark composition, and overfitting, source line 1131",doi:10.1109/TSE.2005.58,https://doi.org/10.1109/TSE.2005.58,Supports the nearby claim: distinguish reliability from validity in comparative prediction,3424279ecd25997ebea6ee99e68929fc5ab3efefde41ba131fdb5448198e85c1,VERIFIED_DOI_RECORD
demsar2006,CIT-075,"main article, Section Related Work, subsection Measurement validity, benchmark composition, and overfitting, source line 1133",formal-record:https://www.jmlr.org/papers/v7/demsar06a.html,https://www.jmlr.org/papers/v7/demsar06a.html,Supports the nearby claim: Dataset-level comparison should preserve the dataset as an analysis unit,1635bcdecf6c0b23f9437941b1c3278a8b4ed10e69617f352b436d06945aac8d,VERIFIED_FORMAL_SCHOLARLY_RECORD
recht2019,CIT-076,"main article, Section Related Work, subsection Measurement validity, benchmark composition, and overfitting, source line 1133",formal-record:https://proceedings.mlr.press/v97/recht19a.html,https://proceedings.mlr.press/v97/recht19a.html,Supports the nearby claim: Reconstructed test distributions can change measured performance,7f7479adfb15ae39c6d03c5c020856ffd26db5fe6e93334b64404ae3e6423183,VERIFIED_FORMAL_SCHOLARLY_RECORD
bouthillier2021,CIT-077,"main article, Section Related Work, subsection Measurement validity, benchmark composition, and overfitting, source line 1133",formal-record:https://proceedings.mlsys.org/paper_files/paper/2021/hash/0184b0cd3cfb185989f858a1d9f5c1eb-Abstract.html,https://proceedings.mlsys.org/paper_files/paper/2021/hash/0184b0cd3cfb185989f858a1d9f5c1eb-Abstract.html,"Supports the nearby claim: Benchmark variance can arise from data, implementation, and analysis choices",317a5c4a6e7e44c540d809e798da873f433ca52e58bb11c96f48f9b9a698955a,VERIFIED_FORMAL_SCHOLARLY_RECORD
musgrave2020,CIT-078,"main article, Section Related Work, subsection Measurement validity, benchmark composition, and overfitting, source line 1133",doi:10.1007/978-3-030-58595-2_41,https://doi.org/10.1007/978-3-030-58595-2_41,Supports the nearby claim: Standardized protocols can overturn conclusions obtained under heterogeneous evaluation,0bfc82a3110e8ff434ad94304388a26d61623e29a68cb0dd3f87e8532949b629,VERIFIED_DOI_RECORD
pineau2021,CIT-079,"main article, Section Related Work, subsection Measurement validity, benchmark composition, and overfitting, source line 1133",formal-record:https://www.jmlr.org/papers/v22/20-303.html,https://www.jmlr.org/papers/v22/20-303.html,"Supports the nearby claim: Reproducibility guidance binds claims to code, data, and reporting choices",053ea86a906aa434abe3d1f645e6388db21e27ad15c42998ed0cbb7bb56681ba,VERIFIED_FORMAL_SCHOLARLY_RECORD
collberg2016repeatability,CIT-080,"main article, Section Related Work, subsection Measurement validity, benchmark composition, and overfitting, source line 1133",doi:10.1145/2812803,https://doi.org/10.1145/2812803,Supports the nearby claim: Systems results are difficult to repeat when replication materials and environments are underspecified,5162f4a16d465dea589932b2ed882dc3778104f38455f37e243e1e89b95510d1,VERIFIED_DOI_RECORD
gonzalez2012,CIT-081,"main article, Section Related Work, subsection Measurement validity, benchmark composition, and overfitting, source line 1133",doi:10.1007/s10664-011-9181-9,https://doi.org/10.1007/s10664-011-9181-9,Supports the nearby claim: Repository-mining studies likewise require retained provenance and extraction procedures,70362a67009848b62b60594e09b268f9d720951f83f90372e2afe4563c0f8015,VERIFIED_DOI_RECORD
dola2023,CIT-082,"main article, Section Related Work, subsection Measurement validity, benchmark composition, and overfitting, source line 1135",doi:10.1145/3576040,https://doi.org/10.1145/3576040,Supports the nearby claim: Input-distribution coverage measures feature-interaction adequacy,14caf00ea3cf5c33dc64c7088c62b24d404c1e93ed9f10f20c74b984b52fe565,VERIFIED_DOI_RECORD
kim2023surprise,CIT-083,"main article, Section Related Work, subsection Measurement validity, benchmark composition, and overfitting, source line 1135",doi:10.1145/3546947,https://doi.org/10.1145/3546947,Supports the nearby claim: Surprise adequacy is useful only relative to a declared selection objective,b01c037d0a00ae3934f69f01da7e325f59a88fd7b3a08e01fb7e2a3a65570847,VERIFIED_DOI_RECORD
sotovalero2023,CIT-084,"main article, Section Related Work, subsection Measurement validity, benchmark composition, and overfitting, source line 1135",doi:10.1145/3546948,https://doi.org/10.1145/3546948,Supports the nearby claim: Coverage-based debloating shows that coverage choice changes the retained program,34b8faa015ac2a987b374175ad21e09eb8cf09e16f7a10aa3f7e3a69eac38548,VERIFIED_DOI_RECORD
zhi2024,CIT-085,"main article, Section Related Work, subsection Measurement validity, benchmark composition, and overfitting, source line 1135",doi:10.1145/3607190,https://doi.org/10.1145/3607190,Supports the nearby claim: Seed-selection studies show sensitivity to the initial corpus,edb35fc7c9a656296fd32cc364174f27a7a9b730a4891f2425d788320ecc1b9b,VERIFIED_DOI_RECORD
brown2001,CIT-086,"main article, Section Related Work, subsection Measurement validity, benchmark composition, and overfitting, source line 1138",doi:10.1214/ss/1009213286,https://doi.org/10.1214/ss/1009213286,Supports the nearby claim: Binomial intervals differ materially in coverage,78e05c0cc70231f2dbbc8249208e3e236722f58184ab8109bb9d476d8a6e007f,VERIFIED_DOI_RECORD
hanley1983,CIT-087,"main article, Section Related Work, subsection Measurement validity, benchmark composition, and overfitting, source line 1138",doi:10.1001/jama.1983.03330370053031,https://doi.org/10.1001/jama.1983.03330370053031,Supports the nearby claim: Zero events still imply a positive upper confidence limit,bc8e04a52bece8c77fb44b8af240c0e3af2791d3cf64e87fcc7b855ba2261bd1,VERIFIED_DOI_RECORD
delong1988,CIT-088,"main article, Section Related Work, subsection Measurement validity, benchmark composition, and overfitting, source line 1138",doi:10.2307/2531595,https://doi.org/10.2307/2531595,Supports the nearby claim: Correlated-AUC inference presumes cases sampled from a defined population,c6aa51a51abcbd8f3fce3a260c50386bbe0438743ad7fa35b662eb8ed9376645,VERIFIED_DOI_RECORD
