claim_id,claim_text,claim_scope,paper_location,evidence_type,theorem_or_lemma,proof_or_checker,source_or_test,experiment_id,figure_or_table,raw_result,maturity_state,independent_recheck_status,limitations
C01,The two independent language references agree on every declared input.,Frozen 12-task finite domains,"Sections 3.2, 3.5, and 5.1",executable enumeration,Finite-domain enumeration scope condition,artifact/recheck_extended.py,raw/cross_language_parity.csv,EXP-01,Table 1 and Figure 2,"12 tasks; 33,013 cases per language; zero failures",VERIFIED,VERIFIED_DETERMINISTIC_NOT_STATELESS_BLIND,Exact only for declared domains
C02,Six effective mutants pass nominal tests but fail complete bounded execution.,Constructed diagnostic mutants,Sections 4.1 and 5.1,mutation control,Nominal-test non-converse scope condition,artifact/recheck_extended.py,raw/mutants.csv,EXP-02,Figure 1 and Table 3,72 effective mutants; six survivors,VERIFIED,VERIFIED_DETERMINISTIC_NOT_STATELESS_BLIND,Not a natural-defect prevalence estimate
C03,All representative no-op transformations preserve bounded observations.,Declared domains and audit conditions,Sections 3.4 and 5.1,exhaustive differential execution,Monotonicity under observation refinement,artifact/recheck_extended.py,raw/semantic_audit.csv,EXP-03,Table 4,504 pairs; zero failures,VERIFIED,VERIFIED_DETERMINISTIC_NOT_STATELESS_BLIND,Does not establish universal equivalence
C04,Source similarities do not order semantic correctness on the diagnostic contrast.,Constructed no-op/mutant contrast,Section 5.1,discriminant analysis,Discriminant construct contrast,artifact/recheck_extended.py,raw/diagnostic_pairs.csv,EXP-04,Table 4,Nominal AUC 0.958; source AUCs 0.128–0.272,VERIFIED,VERIFIED_DETERMINISTIC_NOT_STATELESS_BLIND,"Controlled contrast, not population prediction"
C05,The seven source indicators respond differently to frozen interventions.,"1,296 designed intervention rows",Section 5.2,diagnostic regression and rank correlation,Factorized structural indicator model,artifact/recheck_extended.py,raw/metric_interventions.csv,EXP-05,Figure 4,Distinct coefficient and rank-correlation profiles,VERIFIED,VERIFIED_DETERMINISTIC_NOT_STATELESS_BLIND,Structural description only
C06,The response surfaces cross under renaming and structural normalization.,Three diagnostic carriers and six attacks,Section 5.3,complete response curves,When a mixture identifies an ordering,artifact/recheck_extended.py,raw/robustness.csv,EXP-06,Figure 5,"76,032 observations",VERIFIED,VERIFIED_DETERMINISTIC_NOT_STATELESS_BLIND,Diagnostic carriers are not deployment baselines
C07,Rename-heavy and structure-heavy mixtures select opposite winners.,Frozen five-family mixtures,Section 5.3,exact weighted means,When a mixture identifies an ordering,artifact/recheck_extended.py,derived/mixture_scores.csv,EXP-07,Table 5 and Figure 6,Structural wins rename-heavy; lexical wins structure-heavy,VERIFIED,VERIFIED_DETERMINISTIC_NOT_STATELESS_BLIND,Conditional on declared mixtures
C08,"The balanced ordering is locally fragile, while targeted orderings occupy larger neighborhoods.",Declared family simplex,Sections 4.2 and 5.3,exact total-variation optimization,Mixture-stability radius,artifact/recheck_extended.py,derived/pairwise_mixture_stability.csv,EXP-08,Figure 6,Balanced radius 0.000436; targeted radii about 0.27,VERIFIED,VERIFIED_DETERMINISTIC_NOT_STATELESS_BLIND,"Perturbation witness, not confidence interval"
C09,Targeted winners survive all frozen context deletions and task-cluster replicates; the balanced difference does not.,"38 holdouts and 5,000 task-cluster replicates",Section 5.4,composition sensitivity,Configuration-robust ordering,artifact/recheck_extended.py,derived/context_holdouts.csv,EXP-09,Table 6,Targeted direction stable; balanced interval crosses zero,VERIFIED,VERIFIED_DETERMINISTIC_NOT_STATELESS_BLIND,Only 12 task clusters
C10,Defensible decision functionals do not identify one scheme-intrinsic winner.,Five predeclared functionals,Section 5.4,decision sensitivity,Configuration-robust ordering; additive-gate distinction,artifact/recheck_extended.py,derived/decision_functional_sensitivity.csv,EXP-10,Table 6,Lexical selected by three; hybrid by two,VERIFIED,VERIFIED_DETERMINISTIC_NOT_STATELESS_BLIND,Functionals answer different decision questions
C11,Row duplication can change a micro-average without changing equal-stratum macro-averages.,Frozen family means,Sections 4.3 and 5.4,algebraic witness,Duplication sensitivity,artifact/recheck_extended.py,derived/duplication_sensitivity.csv,EXP-11,Figure 3 and Table 6,Large micro shifts; macro invariance,VERIFIED,VERIFIED_DETERMINISTIC_NOT_STATELESS_BLIND,Does not prescribe one universal aggregation
C12,The exact false-positive probability is 1.7940998077392578e-5 at threshold 22 of 24.,Independent fair-bit exact-key null,Section 5.6,exact binomial calculation,Exact binomial-tail calibration,artifact/recheck_extended.py,derived/false_positive_summary.json,EXP-12,Table 7,k=22; exact tail,VERIFIED,VERIFIED_DETERMINISTIC_NOT_STATELESS_BLIND,"No adaptive, correlated, or family-wise guarantee"
C13,"A one-sided 95% zero-failure bound below 1e-4 requires 29,956 independent trials.",Independent Bernoulli trials,Sections 4.4 and 5.6,exact interval inversion,Exact zero-event interval inversion,artifact/recheck_extended.py,derived/false_positive_summary.json,EXP-13,Table 7,"n=29,956",VERIFIED,VERIFIED_DETERMINISTIC_NOT_STATELESS_BLIND,Independence must be justified
C14,A scope-blind intervention fails transfer on 117 of 120 project modules.,24 frozen Python projects; 120 modules,Section 5.7,positive/negative-control transfer audit,Project-transfer positive/negative control,artifact/recheck_extended.py,raw/project_transfer.csv,EXP-14,Figure 7(b),Two positive controls 120/120; negative control 3/120,VERIFIED,VERIFIED_DETERMINISTIC_NOT_STATELESS_BLIND,Parse and compile level only; not a population sample
C15,"Automatic evidence does not establish readability, naturalness, or imperceptibility.",Entire study,"Abstract; Sections 2.3, 6.3, and 8",explicit exclusion,Construct contract and additive-gate distinction,artifact/recheck_extended.py,protocol.json,EXP-15,Figure 1 and Table 8,No human-rated outcomes,VERIFIED,VERIFIED_DETERMINISTIC_NOT_STATELESS_BLIND,Human evidence remains a separate layer
C16,"Holding the 76,032 attack outcomes fixed, the benchmark detector and public evaluation functionals select all three diagnostic carriers; the STONE composite is not computable without changing construct.",Frozen diagnostic carrier outcomes and four public evaluation definitions,"Sections 3.1, 3.6, and 5.5",independent public-protocol replay,Common-outcome protocol replay,artifact/recheck.py and artifact/recheck_extended.py,derived/external_protocol_replay.csv; external-baselines/protocol-sources.csv,EXP-16,Figure 7(a),Lexical wins native exact-tail; structural wins SrcMarker/CodeIP; hybrid wins SWEET; STONE not computed due missing naturalness component,VERIFIED,VERIFIED_DETERMINISTIC_NOT_STATELESS_BLIND,Protocol comparison only; not execution or performance comparison of external systems
