name,URL,version_or_commit,sha256,license,access_date,resource_type,acquisition_method,integration_mode,claim_supported,internals_modified
User-supplied ACM TOSEM template bundle,local:user-uploaded/TOSEM-01_TEMPLATE.zip,user-supplied,444e35c32dda1620862fae6fa520e93cca1534e8a9d1542704ca3d0d2aa1af4c,ACM template license,2026-07-18,typesetting template,user attachment,used unchanged for paper class and bibliography style,typesetting provenance,false
Exercism Python track,https://github.com/exercism/python,250bf19050543da09e122211fc7430fe6f44c564,,MIT,2026-07-18,public repository,GitHub read-only connector,task-family-name orientation only; no implementation copied,public task orientation,false
Exercism JavaScript track,https://github.com/exercism/javascript,295540983b6323edcfd457b3163ad6c63608f2da,,MIT,2026-07-18,public repository,GitHub read-only connector,task-family-name orientation only; no implementation copied,public task orientation,false
aiohttp frozen transfer snapshot,https://github.com/aio-libs/aiohttp,3.13.3,b2895f71928113da624f1278047854cfe4c86fa4cf9f778a9aa07b1b779dba41,Apache-2.0 AND MIT,2026-07-18,public Python project snapshot,public package/repository snapshot; local license retained,five predeclared source modules selected by source-size quantiles and executed under parser/compile transfer controls,multi-project transformation-transfer boundary,false
anyio frozen transfer snapshot,https://anyio.readthedocs.io/en/latest/,4.13.0,3bdd343ba50107576b6c5f9cb764f4981f4ed4e94c0f677ffc28a404115726ec,See copied license notice,2026-07-18,public Python project snapshot,public package/repository snapshot; local license retained,five predeclared source modules selected by source-size quantiles and executed under parser/compile transfer controls,multi-project transformation-transfer boundary,false
asn1crypto frozen transfer snapshot,https://github.com/wbond/asn1crypto,1.5.1,ded5664c60bffd2b3e3e8ce6a562b0bb27650ce1c596fdc2fdc692c0a59613a9,MIT,2026-07-18,public Python project snapshot,public package/repository snapshot; local license retained,five predeclared source modules selected by source-size quantiles and executed under parser/compile transfer controls,multi-project transformation-transfer boundary,false
attrs frozen transfer snapshot,https://www.attrs.org/,26.1.0,6587495531ee6ebd288e386e0c75b40297c29f8b34b11a3e182f7991894d1df9,See copied license notice,2026-07-18,public Python project snapshot,public package/repository snapshot; local license retained,five predeclared source modules selected by source-size quantiles and executed under parser/compile transfer controls,multi-project transformation-transfer boundary,false
babel frozen transfer snapshot,https://github.com/python-babel/babel,2.18.0,3ad731d13842cecb22ea4f852ff998aad854d3378cc04b79a96f944c54c2f0c5,BSD-3-Clause,2026-07-18,public Python project snapshot,public package/repository snapshot; local license retained,five predeclared source modules selected by source-size quantiles and executed under parser/compile transfer controls,multi-project transformation-transfer boundary,false
beautifulsoup4 frozen transfer snapshot,https://www.crummy.com/software/BeautifulSoup/bs4/download/,4.14.3,09e29a19efcabd7dbf34d7a96ab2e978602e5c0d378c8733783dfd3864eef0d3,MIT License,2026-07-18,public Python project snapshot,public package/repository snapshot; local license retained,five predeclared source modules selected by source-size quantiles and executed under parser/compile transfer controls,multi-project transformation-transfer boundary,false
cattrs frozen transfer snapshot,https://catt.rs,26.1.0,1da384e93572c594101604ee5ab13b81005735fc2355cfaf77f1aee42a586b69,MIT,2026-07-18,public Python project snapshot,public package/repository snapshot; local license retained,five predeclared source modules selected by source-size quantiles and executed under parser/compile transfer controls,multi-project transformation-transfer boundary,false
charset-normalizer frozen transfer snapshot,https://github.com/jawah/charset_normalizer/blob/master/CHANGELOG.md,3.4.7,33aefd2434c65cb613ec6b1d3e1bb28852a10b77062a82f617fa92b2cce93a21,MIT,2026-07-18,public Python project snapshot,public package/repository snapshot; local license retained,five predeclared source modules selected by source-size quantiles and executed under parser/compile transfer controls,multi-project transformation-transfer boundary,false
click frozen transfer snapshot,https://click.palletsprojects.com/changes/,8.1.8,176bea07a9275609f7e0ff659220871621f7884f12873d82b3ed6355ad829916,See copied license notice,2026-07-18,public Python project snapshot,public package/repository snapshot; local license retained,five predeclared source modules selected by source-size quantiles and executed under parser/compile transfer controls,multi-project transformation-transfer boundary,false
coverage frozen transfer snapshot,https://coverage.readthedocs.io/en/7.13.3,7.13.3,43423f9da525e212f12bdfafbdf164b574d1dde8c7bd71ec26dc2f4ec9d542d0,Apache-2.0,2026-07-18,public Python project snapshot,public package/repository snapshot; local license retained,five predeclared source modules selected by source-size quantiles and executed under parser/compile transfer controls,multi-project transformation-transfer boundary,false
defusedxml frozen transfer snapshot,https://github.com/tiran/defusedxml,0.7.1,c164b8ffad6c761a680a86e6bc8c21518995833e048e2af9c59adb88a0e021a1,PSFL,2026-07-18,public Python project snapshot,public package/repository snapshot; local license retained,five predeclared source modules selected by source-size quantiles and executed under parser/compile transfer controls,multi-project transformation-transfer boundary,false
dnspython frozen transfer snapshot,https://www.dnspython.org,2.8.0,8ac9c01401b210d3aafed7f303b42dbb09dee638f97573f489df1e54b41a8639,ISC,2026-07-18,public Python project snapshot,public package/repository snapshot; local license retained,five predeclared source modules selected by source-size quantiles and executed under parser/compile transfer controls,multi-project transformation-transfer boundary,false
h11 frozen transfer snapshot,https://github.com/python-hyper/h11,0.16.0,b5b3f5414d6afb9f11705ab0499820cecb164ecead2d630eba3462bd843562a9,MIT,2026-07-18,public Python project snapshot,public package/repository snapshot; local license retained,five predeclared source modules selected by source-size quantiles and executed under parser/compile transfer controls,multi-project transformation-transfer boundary,false
httpx frozen transfer snapshot,https://github.com/encode/httpx/blob/master/CHANGELOG.md,0.28.1,5ed0a50e5d253fccde2016fe7a8a7cac8fa15f812232ff108e43c3c1a95af623,BSD-3-Clause,2026-07-18,public Python project snapshot,public package/repository snapshot; local license retained,five predeclared source modules selected by source-size quantiles and executed under parser/compile transfer controls,multi-project transformation-transfer boundary,false
idna frozen transfer snapshot,https://github.com/kjd/idna/blob/master/HISTORY.md,3.17,957ae890f551547ef5b4362ff94b36cf55dea06ae6292218bd6ab9bf2faf9ec7,See copied license notice,2026-07-18,public Python project snapshot,public package/repository snapshot; local license retained,five predeclared source modules selected by source-size quantiles and executed under parser/compile transfer controls,multi-project transformation-transfer boundary,false
jinja2 frozen transfer snapshot,https://jinja.palletsprojects.com/changes/,3.1.6,7df42e9c65530d241af7ce45d743ca96e5e22cf98593f6504ebbb821f0501898,See copied license notice,2026-07-18,public Python project snapshot,public package/repository snapshot; local license retained,five predeclared source modules selected by source-size quantiles and executed under parser/compile transfer controls,multi-project transformation-transfer boundary,false
jmespath frozen transfer snapshot,https://github.com/jmespath/jmespath.py,1.1.0,6b348fa64c6cada7ef2287bf8d7bab89684d09b687305356e537417e816f32a4,MIT,2026-07-18,public Python project snapshot,public package/repository snapshot; local license retained,five predeclared source modules selected by source-size quantiles and executed under parser/compile transfer controls,multi-project transformation-transfer boundary,false
lark frozen transfer snapshot,https://github.com/lark-parser/lark,1.3.1,3e65a71011156641406ecf82aa6154b5672e526575b9f8177ef7d754991f5d26,MIT,2026-07-18,public Python project snapshot,public package/repository snapshot; local license retained,five predeclared source modules selected by source-size quantiles and executed under parser/compile transfer controls,multi-project transformation-transfer boundary,false
Mako frozen transfer snapshot,https://docs.makotemplates.org,1.3.12,5a4f10aaeef9865d82153fc5f5214ebdd8886ee10cb1465da6b228c1cb9ee3cb,MIT,2026-07-18,public Python project snapshot,public package/repository snapshot; local license retained,five predeclared source modules selected by source-size quantiles and executed under parser/compile transfer controls,multi-project transformation-transfer boundary,false
mistune frozen transfer snapshot,https://mistune.lepture.com/,3.2.1,3065f770b4edd201a86dbb2b97cc4fd3e1411ead32aca588f4ce3f065a05fc94,BSD-3-Clause,2026-07-18,public Python project snapshot,public package/repository snapshot; local license retained,five predeclared source modules selected by source-size quantiles and executed under parser/compile transfer controls,multi-project transformation-transfer boundary,false
requests frozen transfer snapshot,https://requests.readthedocs.io,2.32.5,89ebc44c665738f00049afe1f341b87f775b0f225db6e97a24ee8e7908805841,Apache-2.0,2026-07-18,public Python project snapshot,public package/repository snapshot; local license retained,five predeclared source modules selected by source-size quantiles and executed under parser/compile transfer controls,multi-project transformation-transfer boundary,false
rich frozen transfer snapshot,https://rich.readthedocs.io/en/latest/,15.0.0,9f4cbc2a733824cee8ef05de7187073ae1822a866e7afd0008e84492fb47a2f6,MIT,2026-07-18,public Python project snapshot,public package/repository snapshot; local license retained,five predeclared source modules selected by source-size quantiles and executed under parser/compile transfer controls,multi-project transformation-transfer boundary,false
urllib3 frozen transfer snapshot,https://github.com/urllib3/urllib3/blob/main/CHANGES.rst,2.7.0,c2bc659fdfd2a3cbf2c89d9db39c8b455b4af1c78ddfa67ec5d63ccb2746f563,See copied license notice,2026-07-18,public Python project snapshot,public package/repository snapshot; local license retained,five predeclared source modules selected by source-size quantiles and executed under parser/compile transfer controls,multi-project transformation-transfer boundary,false
packaging frozen transfer snapshot,https://packaging.pypa.io/,25.0,300d79fb92b4a39b2339f243518029188fa21c1f1e657d1674d0651c20210acf,See copied license notice,2026-07-18,public Python project snapshot,public package/repository snapshot; local license retained,five predeclared source modules selected by source-size quantiles and executed under parser/compile transfer controls,multi-project transformation-transfer boundary,false
SWEET public evaluation protocol,https://github.com/hongcheki/sweet-watermark,853b47eb064c180beebd383302d09491fc98a565,520e30fe5ce9ab3b6381aba8c9a7989bd3b7929ca1dc0edc63862c2964b9f6f0,NO_LICENSE_FILE_FOUND,2026-07-25,public code-watermark evaluation protocol,GitHub read-only connector; immutable commit and source-blob locator,"independent formula reimplementation and replay on the frozen 76,032-row response matrix; no external source redistributed",external protocol comparison and metric-dependent ranking,false
CodeIP public evaluation protocol,https://github.com/CGCL-codes/naturalcc,5f84062064947a0e2137ebda0bd3a9ae8ceb1736,b3c3f085709c22038053fce9c793dce9cf543f73ee0f8e6b053b21c0ef73a3fc,MIT,2026-07-25,public code-watermark evaluation protocol,GitHub read-only connector; immutable commit and source-blob locator,"independent formula reimplementation and replay on the frozen 76,032-row response matrix; no external source redistributed",external protocol comparison and metric-dependent ranking,false
SrcMarker public evaluation protocol,https://github.com/YBRua/SrcMarker,2fb71cf816c12b0b07bb4d84dbe44ca0816662eb,dd36115c83f68d044d5a8e29a3d2572cde8edf1e43eb05a1bb8e8bd46ba217d6,MIT,2026-07-25,public code-watermark evaluation protocol,GitHub read-only connector; immutable commit and source-blob locator,"independent formula reimplementation and replay on the frozen 76,032-row response matrix; no external source redistributed",external protocol comparison and metric-dependent ranking,false
STONE public evaluation protocol,https://github.com/inistory/STONE-watermarking,bb5d809c0c494a219411e861f2313cca2b9fd7b4,d25f91bbb4fcc7476cb43bf1c4427765bf7d11df98a059e9f372554e68db4440,NO_LICENSE_FILE_FOUND,2026-07-25,public code-watermark evaluation protocol,GitHub read-only connector; immutable commit and source-blob locator,"independent formula reimplementation and replay on the frozen 76,032-row response matrix; no external source redistributed",external protocol comparison and metric-dependent ranking,false
