path,bytes,sha256,category
CURRENT-STATE.md,4380,e527226892a464152a8b3e8296471e9143c50f375497b8f8ccaff52ac5c1e5cf,root
artifact/ENVIRONMENT.md,1008,25b5f7c606d6929fa4e1f6ac9e593f27e57a402000402e1b55081076a8708c38,artifact
artifact/LICENSE,1086,eca12103d3415cedcc7a093079e7bf1fb5d7ce05d5353e31730ddca52ea49e92,artifact
artifact/Makefile,363,31b8df65840717a5ed8198c152acdf74e7da7c2627468ca3df5b935ff389d57b,artifact
artifact/README.md,2421,863e4e845dfbcf39c2da8099da708f849e57d7c2585194ab4c9e4016af3a1595,artifact
artifact/citation-evidence/andrews2005.json,987,3e247199b398a03445bd104369e1d012ed88404e369dff4dcf4bdc67ef1483ac,artifact
artifact/citation-evidence/barr2015.json,950,fc9ae7b321f4ae657f78052d1b1071ede5bfc80fa6daba057a27e660c09c5ebd,artifact
artifact/citation-evidence/bellon2007.json,957,1346d2deba79cf07aba20c29f0e6680f19058d9f01513f98e05078f64735dda3,artifact
artifact/citation-evidence/borsboom2004.json,905,4a1b5d218d9e5595a9522daaf819c50ba74cb5e87a2a285da92c982540c225c6,artifact
artifact/citation-evidence/bouthillier2021.json,1399,8ed632f2c9313dfa7e6ac0971152d513aef9acee69302953dae85ce479fd1610,artifact
artifact/citation-evidence/briand1996.json,911,f7164f07d0b042d38a32964e4d2119b577cfe3af75613b4d5c5d8ad8fcd3c5ee,artifact
artifact/citation-evidence/brown2001.json,890,754f12807a48356633c3e24068962a8fc3d54fbbebddd82cd0d03ea801192648,artifact
artifact/citation-evidence/buse2010.json,885,47cad7512055c88fbb6c0f337a196ac3ba991f44e86b3380d6a4a055db82a187,artifact
artifact/citation-evidence/campbell1959.json,969,72d37f267521ed0386e9a7039d11f248b549bdf13ac58f182af067424e900389,artifact
artifact/citation-evidence/chen2018.json,1008,be018c2975113e1095aa7ab793e0971218feb40cbd5d8291b10d2f8df5b51598,artifact
artifact/citation-evidence/choi2026.json,902,fdc2e3a2e6fcb38e213784c3660fa59191937bb713d8d1d96cfbfde3a165368e,artifact
artifact/citation-evidence/christ2024.json,1039,7b3ff674ce9bdd297588c8c7d57d1a33dd1f0df9f7d1b2cf9d29b0bdbbac9c5a,artifact
artifact/citation-evidence/clopper1934.json,914,dd4fe838090acc92974b72105606101bfc6b0fd98c634ad50b46a3f91a66c181,artifact
artifact/citation-evidence/collberg1999.json,994,dd97896abd3dac02634e0436b4c3036a6405bac988ce6ef226746f77d16d1abd,artifact
artifact/citation-evidence/collberg2002tools.json,976,eb0a25f07e69693c4082d22d3e0e8e469860a68b16a9573659a9e07ab90a34a4,artifact
artifact/citation-evidence/collberg2003sandmark.json,953,033a694647a346d8ab75c2e7376530c23652d943195431367a514cb0b58c3d48,artifact
artifact/citation-evidence/collberg2004dynamicpath.json,1076,98001b7862e2ffd730764305a693addeea1e30fea89fcfa31f117d4abcc2b352,artifact
artifact/citation-evidence/collberg2009graph.json,1040,8826e5e9f56c537edd890b83fb4d47d3ada62cd012489c4b801c9325c8d2f68c,artifact
artifact/citation-evidence/collberg2016repeatability.json,936,d04bc1ec854dbf8ef50d232c76e528b48515b2d4ec3ec75390bf8b5b8e5d8631,artifact
artifact/citation-evidence/cousot2004.json,999,81cd3420484c9d770cbb35c9c4df26d70d990362f9a9e69ecc77b00fa1990862,artifact
artifact/citation-evidence/cronbach1955.json,908,eb3bf43971b70bb9693cd7d3695ab26edcdbc6d56964778da3df45c491413fa1,artifact
artifact/citation-evidence/dathathri2024.json,1400,074818da9cb34fb2697802c382b6d9f306b6857d123b1465653905282185a582,artifact
artifact/citation-evidence/delong1988.json,979,3cc6c73bdcf904ccfadba829af63205b6eeb47c0a98407ada4171acf5570ed86,artifact
artifact/citation-evidence/demillo1978.json,973,d30ebee356b9eff3f132141437f5cd0991b2d056908a23bb09a98c8fa42f8c00,artifact
artifact/citation-evidence/demsar2006.json,966,5ad9b6c34deaacfcfba3f729fe6772124bf7a08f491085316c8fee2c43bffec5,artifact
artifact/citation-evidence/dola2023.json,972,b5915bc156e6eb8361c334b315556697477ebc13bd5a9a1d34b2ae086cce56b6,artifact
artifact/citation-evidence/fenton1994.json,1086,c908915e9568e5205327d6adae76a04c6c00f4b46814666f82173fd19066f45b,artifact
artifact/citation-evidence/flake2017.json,992,4ebaec25d4212b889d3873a4ca30f28942b798f85d3887b7e6e8631d8f481ad7,artifact
artifact/citation-evidence/gonzalez2012.json,1025,d8c8b873e6b12bd07a002ab50b110cc6987ea3d0849502d6fdca20aeb93c97cd,artifact
artifact/citation-evidence/graziotin2022.json,1029,9ff625216bb3733cb8f03fdcf5b92b93f2fb66237ff94abd61961f3530ecccf2,artifact
artifact/citation-evidence/guan2024.json,1202,54b6be922b53ae283d9a13b5ad3505b7154d7f3bebb40dd37b91ac725898bcce,artifact
artifact/citation-evidence/hanley1983.json,923,40fcde4c836b9afc09f626ac53ff5a86c310b380b0c0d1d2f9429eb7ee72a05b,artifact
artifact/citation-evidence/hasselbring2021.json,1026,362dca661ad725470d18ab26e8a3754968e0bc10c737c3d1cbdc17e5f865f640,artifact
artifact/citation-evidence/hu2024.json,1128,9ac197d8d00c53e6702af8a7f773aa3ca565408253067506770787700c0f5025,artifact
artifact/citation-evidence/jia2011.json,919,48b67288931ca54604c9c9f89f92821c74d66595d1b21e0c86bfb9924673a96f,artifact
artifact/citation-evidence/jiang2007.json,996,68d4e8ecfc227dc344c69cc0d289d6e2d037c9f80c5617a0a45b535fb62df295,artifact
artifact/citation-evidence/just2014.json,1048,fca0d8018dfa6e2531c84dbc2cf07276fa063f925e0c74e99dc219e7b2004dea,artifact
artifact/citation-evidence/kamiya2002.json,997,9c85755cd7e0ad8a32ea04963eac1e64a140a6cd7faad82e59148198f6d1790b,artifact
artifact/citation-evidence/kane2013.json,867,7befeb2c553985c3a910f9587dead6072342671d72e691e8d009fe6c9945e7c5,artifact
artifact/citation-evidence/kim2023surprise.json,944,5f56f9c943432631c8f1f5eedcf4c1a5a8087f47faed7929edb35229291cd2c3,artifact
artifact/citation-evidence/kim2025.json,1293,955dc346a739c1de3743c01fd625ea5a7c8115cdd5be9c25198fc1d9343f3594,artifact
artifact/citation-evidence/kirchenbauer2023.json,1102,11c28cf9260a210f1865ddb49166099e251eb7239143fa7aae98693a4502f816,artifact
artifact/citation-evidence/kirchenbauer2024.json,1249,baa92878333970229420328d737b4137d7a76866c9a58231fa198264d40bf89e,artifact
artifact/citation-evidence/kitchenham1995.json,1003,8b8320be6ec8a87a3e10a59ba7ab58c009b61eb24a55d95a941d80d60a2fe812,artifact
artifact/citation-evidence/le2014emi.json,995,a57f11a2423abe7f9d81536b056a8717191c3281273933e0c14334644ad9a4fb,artifact
artifact/citation-evidence/lee2024.json,1223,e249b0ff407b643278cd96f61a83afc9942301a5b3a787d84e862d46d55c7f33,artifact
artifact/citation-evidence/mackenzie2011.json,971,409c572c4d053ddb64214bd14d7760a29f38f7fd6bb53763d78b2527a4469b81,artifact
artifact/citation-evidence/meneely2013.json,939,3ed7087759883c71eed44d7e3f78cc25fc9039246a8f97b6ba8a28ae751f8e70,artifact
artifact/citation-evidence/messick1995.json,964,a093ede9ad8e2c2b7dfae63c5de13c83a5532e24599f2a882e262f60134e515a,artifact
artifact/citation-evidence/monden2000.json,1039,ec32e258cb2289fe18fe05ae79ad33a3968c0761194c6889afec023d160b99cf,artifact
artifact/citation-evidence/musgrave2020.json,941,838218a901d7f5e9a8de63acc72249965406d282442ab31c52281858382f1a07,artifact
artifact/citation-evidence/myles2004register.json,993,cacc30bde4cccd4bf465d8eb6beb2d963e25e1a395121ec984158574481692a7,artifact
artifact/citation-evidence/myrtveit2005.json,960,6755ed0535b2d5a0ae2c36decf31138f95ff37055525e6fa846f124166b1d557,artifact
artifact/citation-evidence/nagra2002taxonomy.json,984,a115a3b4392e0ba257067e1e858d5927bf9426e016c21dfe2fe0e149439adc15,artifact
artifact/citation-evidence/nagra2004threading.json,895,7f69035c15f29300719fa4fd3c65c399af40ca3d77276dd935b50c783e5a4fd7,artifact
artifact/citation-evidence/necula2000.json,969,92c03d60f2a63ccdb8ecc670389d058227a5f8ee56fb279d7191a7c2d0b8d4d3,artifact
artifact/citation-evidence/palsberg2000.json,1006,7bc6d9b7ca6ed64e496638fbf1165c09fe4658b0889afa28d6e039584817386a,artifact
artifact/citation-evidence/papadakis2019.json,996,24121238298d6905022578f911bdedb1d27fbca9dbfcdf9c554520437f12a059,artifact
artifact/citation-evidence/pineau2021.json,1145,2f50c534cd6f8d8c46bad760965aadd0362940fb1acd9b59cb458e83261def86,artifact
artifact/citation-evidence/ralph2018.json,1033,ef803046e466e427c26ce93b58539d0092fbbe61794198ae1caed2f886d03121,artifact
artifact/citation-evidence/recht2019.json,1044,32d566dec3c738c8e565ded8037598251b31c6e5e7978e8eec8e6d0c8efb5007,artifact
artifact/citation-evidence/roy2009.json,987,37c7d44a8dbb60488c4920c520dbeec56ea529cf6a42f58b048fb1850aa934c9,artifact
artifact/citation-evidence/sajnani2016.json,1032,6fcf2ebc7c12ba6d9043be0e37874cda805e359e64af75860a717c09451b0b6e,artifact
artifact/citation-evidence/scalabrino2018.json,936,fea7fa58e3f066838440679ea7beaebdce94a59f3efabb798d55c0931b54caeb,artifact
artifact/citation-evidence/schneidewind1992.json,894,3ac0e70430922543b31e753450107bf0b003ab3b049bb732b234a019217484b4,artifact
artifact/citation-evidence/segura2016.json,981,01752a4eee35636b1325e5d25cf37a6a7d82b35f99ea7a652e64edf529ccca50,artifact
artifact/citation-evidence/sjoberg2023.json,963,f1b2806cf9694f257468296814f4884aca805f6d67a0dfb8470a6df13698cf3d,artifact
artifact/citation-evidence/sjoberg2023reporting.json,1065,6c7a921874c3f253d21420f7ce9418848c3ae435fdf0d8e617a5b7a52b3c35f1,artifact
artifact/citation-evidence/sotovalero2023.json,975,5376a06b7c20d127f88b865b579d9b2aadfbf386381db2a0a6be0fa8b54be1c3,artifact
artifact/citation-evidence/suresh2024.json,1022,b49be13d1da969a9c6f9841c9b61b2958fe5d67047ac849c53b8789c19fa0903,artifact
artifact/citation-evidence/svajlenko2014.json,1063,6c1b006a428e2d181085a5dedbb19f5df09fa06ce4e487d11d659af488c9344c,artifact
artifact/citation-evidence/venkatesan2001.json,929,c68fd330a56c65f9c21f0eaa18f1771ce4fde5c958e5a7e0a091791b18ac39de,artifact
artifact/citation-evidence/vonkistowski2015.json,1051,205e33d6b376f41b0e34fe48a73f1d5e826163fd8dd46df344ab58bc2052986b,artifact
artifact/citation-evidence/weyuker1982.json,863,3a1561c47ed4c3082fb869101d72c923aca460a9f7ab0a77a9508b58170ecfb0,artifact
artifact/citation-evidence/wu2024dipmark.json,1069,4d7c251a9f5d119531067bf15021b8541c9340a397ceefd3f9e7aca04d5e070a,artifact
artifact/citation-evidence/xiao2025.json,1062,00ae72838d39c020bcb14bdc2b6cac3360973f31e8076adc31fcd9439b765b91,artifact
artifact/citation-evidence/yang2011compiler.json,1016,3fd630a2a3bfb8b4e6db118957c620f0bcd42f4a4a4efdd1a821493b28bb4bab,artifact
artifact/citation-evidence/yang2023.json,1110,66ae8de30b27353984a19026efc65177b00febe0b970e9b608014ce8f0628981,artifact
artifact/citation-evidence/zhang1989.json,906,f9cac75be0155dff687e15b26706c5f364a519764dffff514d1f66fef9931f78,artifact
artifact/citation-evidence/zhang2025.json,966,3aa755afc59a1e67920cde8a66e79c93c1630056e7fc77a340a456e25e6e72f6,artifact
artifact/citation-evidence/zhao2024.json,1111,6ad462f6cbaedda817640e95db97f7836ce451694c063c9655edc02f62aef51b,artifact
artifact/citation-evidence/zhi2024.json,954,3a8aff4db7d0844516d26252d7db1af2d60f6200f52526bc943eb20fe812daee,artifact
artifact/citation_claim_audit.json,62474,9d731bfd21b426a03e1e7066c5a4a10369cce2c9c4f357f58ee61b719b2580bb,artifact
artifact/citation_support.csv,35260,50233d2887a490b620a2dc84d946f03e22a9f3f1024dbf49936705dc72e4a612,artifact
artifact/claim_evidence_ledger.csv,7140,e9eab9afcfafd46d00da646dfeb6b617e414b5778f2dba81b199ed0414250876,artifact
artifact/claim_scope_audit.json,239,e3e6ffb165afd40f09b0c4566ccd62a6440c7128c3716fc079100d7265580f69,artifact
artifact/code_quality_audit.json,5964,fb85e174a3fbb3cb158d193f20f070c4352bd30207cf206fb03162f0d55bee12,artifact
artifact/corpus/README.json,784,8ba636d51a5ea839bdddf62a5994523618be0bc88698f3ea117520c59d06ea0d,artifact
artifact/corpus/licenses/aiohttp-01-LICENSE.txt,588,9f80d0db7d755a941db4572172c270ecbd8f082ba215ddd095985942ed94a9eb,artifact
artifact/corpus/licenses/aiohttp-02-LICENSE,1105,ebca854e0134cd256d673627c20499f42577eb74bacf08b9f25b626a73c91277,artifact
artifact/corpus/licenses/anyio-01-LICENSE,1081,5361ac9dc58f2ef5fd2e9b09c68297c17f04950909bbc8023bdb82eacf22c2b0,artifact
artifact/corpus/licenses/asn1crypto-01-LICENSE,1075,29c3425e5da53ab842273e5f2f2f068ce2e35df4260f7fa156aa1ac6bed02433,artifact
artifact/corpus/licenses/attrs-01-LICENSE,1109,882115c95dfc2af1eeb6714f8ec6d5cbcabf667caff8729f42420da63f714e9f,artifact
artifact/corpus/licenses/babel-01-LICENSE,1531,86bad5758c7859ba06251f8f12eee885eca31369923dfb2b87a7c13c3634d870,artifact
artifact/corpus/licenses/babel-02-LICENSE.unicode,2033,b4c0ae8ef04f7059f96ce5bbe0467f9fe6f6d81bbe13517701dfeb961fb4d0b6,artifact
artifact/corpus/licenses/beautifulsoup4-01-LICENSE,1441,55b4d8d4b1e5bc86d10efac91b74c87bcb77526b0f5b9edaf8b9cd2adc7397b2,artifact
artifact/corpus/licenses/cattrs-01-LICENSE,1074,f5fb9d1ede37a88ca47f420c499dca0f4a05bc993e12c77d23520aad291c01bf,artifact
artifact/corpus/licenses/charset-normalizer-01-LICENSE,1071,6d0d41bfe170ac6c7dc248c9a63e254d0fb45a60d50a8257d0af92c6e249b887,artifact
artifact/corpus/licenses/click-01-LICENSE.txt,1475,9a8ad106a394e853bfe21f42f4e72d592819a22805d991b5f3275029292b658d,artifact
artifact/corpus/licenses/coverage-01-LICENSE.txt,10174,0d542e0c8804e39aa7f37eb00da5a762149dc682d7829451287e11b938e94594,artifact
artifact/corpus/licenses/defusedxml-01-LICENSE,2409,b80ce9da8c42a1f91079627fbbe2bf27210ae108a0ffe5f077d5b08e076c24c8,artifact
artifact/corpus/licenses/dnspython-01-LICENSE,1526,c3ea3ff5654b329c19d3bc5f7481af623c3dded4a6145585499f843ad3d741cd,artifact
artifact/corpus/licenses/h11-01-LICENSE.txt,1124,37db5bb85926db28a427a25867f10b1232003aea1be69ccb851138adb8e6f361,artifact
artifact/corpus/licenses/httpx-01-LICENSE.md,1508,4ec59d544f12b5f539a3a716fd321ac58ccd8030b465221f2c880200cdf28d8d,artifact
artifact/corpus/licenses/idna-01-LICENSE.md,1541,1a9a4f0e3d479a27240ddd59a9137a66ab4a0f9dfdc8ca6188cc0bfd85187f04,artifact
artifact/corpus/licenses/jinja2-01-LICENSE.txt,1475,3b49dcee4105eb37bac10faf1be260408fe85d252b8e9df2e0979fc1e094437b,artifact
artifact/corpus/licenses/jmespath-01-LICENSE,1113,6eefacfa4d71b82d08408c751470ac8d9854538da2142cb27be0287fb13d0ab9,artifact
artifact/corpus/licenses/lark-01-LICENSE,1055,2eee60f52d4e11357bf89e72b034d050e285e47fda1361e5662fb322ee27d771,artifact
artifact/corpus/licenses/mako-01-LICENSE,1098,68d7064e53e3ffa8e9f420a9e604bd2e2059d9c330492fa6ebd4eb3d48111689,artifact
artifact/corpus/licenses/mistune-01-LICENSE,1475,539013fd8e19f744f8bf0e27a532bbff54cd689ecef7a800f56ae5dc824be870,artifact
artifact/corpus/licenses/packaging-01-LICENSE,197,cad1ef5bd340d73e074ba614d26f7deaca5c7940c3d8c34852e65c4909686c48,artifact
artifact/corpus/licenses/packaging-02-LICENSE.APACHE,10174,0d542e0c8804e39aa7f37eb00da5a762149dc682d7829451287e11b938e94594,artifact
artifact/corpus/licenses/packaging-03-LICENSE.BSD,1344,b70e7e9b742f1cc6f948b34c16aa39ffece94196364bc88ff0d2180f0028fac5,artifact
artifact/corpus/licenses/requests-01-LICENSE,10142,09e8a9bcec8067104652c168685ab0931e7868f9c8284b66f5ae6edae5f1130b,artifact
artifact/corpus/licenses/rich-01-LICENSE,1056,deed7c17a4318158190a3ea239cc879a5a50271cebb98ae7025f48fbe58dca15,artifact
artifact/corpus/licenses/urllib3-01-LICENSE.txt,1093,130e3a64d5fdd5d096a752694634a7d9df284469de86e5732100268041e3d686,artifact
artifact/corpus/project_manifest.csv,2420,bc4013d84edc898bb55de875871040d4aaf8b499f9f10c8c764ca6c148b579ed,artifact
artifact/corpus/transfer/aiohttp/module-01.py,1918,90fe4df4233340f3063c813275e55488b5132ecc3c565f06af8a8059876edef3,artifact
artifact/corpus/transfer/aiohttp/module-02.py,6384,c6a60c6d4a35aa82d83eecd8f765de478a7211efb0f8335c4e80110c5dc65210,artifact
artifact/corpus/transfer/aiohttp/module-03.py,11738,849d8b5e1376396ba41479b96fbf1324518a70088bda4b618bd49fe4f4583be5,artifact
artifact/corpus/transfer/aiohttp/module-04.py,14558,fba69a5ba97427db890f8e4bcd1e1c8a3607d23eb6a6dd14fe79ff695cc592ee,artifact
artifact/corpus/transfer/aiohttp/module-05.py,22739,948b609b26ad91787433a118ec9a199d2664525e91d30bfc07cf17e082ea41b5,artifact
artifact/corpus/transfer/anyio/module-01.py,2693,7fa87f93677be37181bfd16102784cfd8a53bd6808af3072f5c384d1e275509c,artifact
artifact/corpus/transfer/anyio/module-02.py,5765,05c540189c35551bed22a9effa8d116f4a701fba7cbf096f976d711eae76d9a8,artifact
artifact/corpus/transfer/anyio/module-03.py,6448,73611d7015fec672b0c4f702e0f8e7dffa86f48fb1e085853b647d46a0868cce,artifact
artifact/corpus/transfer/anyio/module-04.py,12775,b7a878289b2da88c5fc704d9d583bcbe9515b81f7d9df08b96d9f43477dab47a,artifact
artifact/corpus/transfer/anyio/module-05.py,19624,8c4db0e7d151177c91a38be39237d917661caac059bdceba556470ac91836069,artifact
artifact/corpus/transfer/asn1crypto/module-01.py,939,3b0b17df47a9bfe11323d786acb5bd18baafd0a7a889246725c8cdf76ae8aa14,artifact
artifact/corpus/transfer/asn1crypto/module-02.py,4533,e550182dbc7112d7dd6462a08f320dc6598d91883d77fec99990057ebd047009,artifact
artifact/corpus/transfer/asn1crypto/module-03.py,6145,b38eabfca090f61d4710d5cc8780062935deb22bd0aca9d6cd4dfe82893be6e2,artifact
artifact/corpus/transfer/asn1crypto/module-04.py,8733,da420ff2018887c057b75abfd12e4a867333514408bee4f414301837229ea9b6,artifact
artifact/corpus/transfer/asn1crypto/module-05.py,19024,daac431a00a9d97289e71147131d2394b1641d859d2afaed5017462eb5153db1,artifact
artifact/corpus/transfer/attrs/module-01.py,843,746ab7c51e9f819105e9406dfcbd13f9e507201e22e37911987d0fdbcb09570f,artifact
artifact/corpus/transfer/attrs/module-02.py,1795,64188a58ba774742df099b2aed7d75a67f565fc36c952db05cce23b272ce19cf,artifact
artifact/corpus/transfer/attrs/module-03.py,3861,1a50de3b33de4c581e0412db8fd1b9ec4cf994093af2e85200b45827f7b17bce,artifact
artifact/corpus/transfer/attrs/module-04.py,16479,231e481134dfcf9174d45fb5d8c17f0921689889f687c6faec4555cf6802b411,artifact
artifact/corpus/transfer/attrs/module-05.py,21553,9b7411cd94c036be1fd82e1e55d528160d753605d66a4f166ade2a4131a1bdcb,artifact
artifact/corpus/transfer/babel/module-01.py,1199,f61d42170557de56a2036a1a660032c11a84af48212383ee4c204a90581b6a62,artifact
artifact/corpus/transfer/babel/module-02.py,3485,9b597d347b9ac23d694a7719782f3671425f770c626ff0bb25251bff61216d43,artifact
artifact/corpus/transfer/babel/module-03.py,6209,297e7445c79beab62e0a774361e0e28ef45edb0d6383897b45077b369697458d,artifact
artifact/corpus/transfer/babel/module-04.py,9133,f786fe36f8e642e89d229a6d8b3d8d33e77fdfad7903132757cad071a59a969d,artifact
artifact/corpus/transfer/babel/module-05.py,13982,d16b1fb815d4d79d293f06f39eb9ede8c73abf2ae28f677dc93263f4c5e76c6c,artifact
artifact/corpus/transfer/beautifulsoup4/module-01.py,2408,9e21c90a4dfb00f83c284b8539ae7b6576b12dd06673fd95eaeb9a26abbbaf7d,artifact
artifact/corpus/transfer/beautifulsoup4/module-02.py,10478,b814f493a5bc3b9909f4f0ae2588eb6bdef2a14a82f9d94cf43feffa844cd2bf,artifact
artifact/corpus/transfer/beautifulsoup4/module-03.py,12713,fe6fe5ff84865879d8eb6d15276d63fea407d515f7a7dd6c6157a680ac5a2ec3,artifact
artifact/corpus/transfer/beautifulsoup4/module-04.py,17445,0a750b3d0576ae6e2f2e88c9001a50ed79bd76275d9c4671d96733fd54c2d4c8,artifact
artifact/corpus/transfer/beautifulsoup4/module-05.py,23607,84beb1524e3f2368b908c82e16860596b236e9c6380eeb7b7ce110ad472d1c83,artifact
artifact/corpus/transfer/cattrs/module-01.py,1130,9e80037705cff534a9c88ca313a591da221b18f9a2822aef02b280a075899832,artifact
artifact/corpus/transfer/cattrs/module-02.py,2591,3b9c61402ccda6e1620cd0cc95b73278e56acab57ae4d84c64d46c1b78e7a015,artifact
artifact/corpus/transfer/cattrs/module-03.py,3083,c033a155c224051d1bc39ccc0023e551c7f6617bfe79a9a083e1a619dbf87125,artifact
artifact/corpus/transfer/cattrs/module-04.py,6780,f6a03ea66b0fbe0acce8c18ff04bf68153fa60bdab5efa0195afc2d15807c50d,artifact
artifact/corpus/transfer/cattrs/module-05.py,12251,e5d3a90fa3bccd455972b79a279c12b7d9fe36eb789fbf626eb91ae5377a97ce,artifact
artifact/corpus/transfer/charset-normalizer/module-01.py,2661,c8120530d00134f13926474a396c95a37e9f66d57d9e6f1b7f7ecbac35ae973f,artifact
artifact/corpus/transfer/charset-normalizer/module-02.py,12821,15b6909c8e840a6566c87452bd53397c735e30043729219dc0b8c6710a960f0b,artifact
artifact/corpus/transfer/charset-normalizer/module-03.py,12282,f5ca62fbfd3ebc2f691837eea1aae10ba56517f271c31e49b1affc238c360fc9,artifact
artifact/corpus/transfer/charset-normalizer/module-04.py,11940,13d145495d44da2384fc1d81d6d247413f44c49a9ceb42acfdcfb4f2c35ac21f,artifact
artifact/corpus/transfer/charset-normalizer/module-05.py,15174,bf488f270786b117a05f2c2b3352f3520a96f5b275285bc86e54073f58e6e454,artifact
artifact/corpus/transfer/click/module-01.py,1353,d747d0eb839c05432e2bb985be1f37eb7feea0ec4f95122d64198acd12438286,artifact
artifact/corpus/transfer/click/module-02.py,9600,57bcc34fa7a6a89f22365d241753f99291662cc590d53d4beda34d28ce18474c,artifact
artifact/corpus/transfer/click/module-03.py,16282,dd103c6a709fed367cfb94401798add937be6965c100be552dab109cc882d994,artifact
artifact/corpus/transfer/click/module-04.py,19067,878b2775ca45e4e1eb65037cbc3f0859be4e072bd6ec005b8514e8c68beba92f,artifact
artifact/corpus/transfer/click/module-05.py,20330,71ef88acef6294823be8b1a4537e78a4e7476dea4cf147ed7cd1fb49f314ff6f,artifact
artifact/corpus/transfer/coverage/module-01.py,2434,11fd4d94cbae0f9836677bc984af5fafaca0fcdc4e61326619300244b535ba7a,artifact
artifact/corpus/transfer/coverage/module-02.py,7450,67b72132f0b1b9832ed968fd39cd6f94ef1d57538ea995d67f300bb167c40bbb,artifact
artifact/corpus/transfer/coverage/module-03.py,8700,a8e14d1b9f610982c0a7c752f01c57e829462ca7252803b336cff0b0e94db347,artifact
artifact/corpus/transfer/coverage/module-04.py,11638,8bd68ace0e834a8624cd78a0a879f6a4edfe31f8844c58773a77ff8378c1a99c,artifact
artifact/corpus/transfer/coverage/module-05.py,21777,2aebb97ee15bb059040246ecb510c124331969b983f671bf0091077c322fbd7e,artifact
artifact/corpus/transfer/defusedxml/module-01.py,1170,0d88f60f695cef1a31677f207f3ba35e67739ddf28bf30ea1855eac976edc639,artifact
artifact/corpus/transfer/defusedxml/module-02.py,1477,f92174f0cb1cda6584600330eb6a49e4533059c70e72d1529d0c032d82cb9551,artifact
artifact/corpus/transfer/defusedxml/module-03.py,3732,6f8434e6fb01309e52b6489315fe26cb6ac61a8d60672125fe10b931e1533800,artifact
artifact/corpus/transfer/defusedxml/module-04.py,4940,1d6f8b14a76b7cc4731dd8b455cb9cab8fa7f32cfbbff390c04416160d494180,artifact
artifact/corpus/transfer/defusedxml/module-05.py,5364,eeb6507b2deda9771cd61aeb337469ace20253a7e2167cbd07d9789e64e2a310,artifact
artifact/corpus/transfer/dnspython/module-01.py,1820,031ace958cbed534d359e432a4329e5eb0c2add1c6a2bd042821387f1cd2406a,artifact
artifact/corpus/transfer/dnspython/module-02.py,2487,75189945fc9900e970963dd895f6ef6428514002acb5887d93489b359c07bb95,artifact
artifact/corpus/transfer/dnspython/module-03.py,3283,4caf0f725300b7bc55413bfa148b1ef636705d50affc1fbf00081f84ad2b4d64,artifact
artifact/corpus/transfer/dnspython/module-04.py,6517,19c70e71c385646165c0d16057bf467df649bfabb5196dbc8ccfda99d88ba9e3,artifact
artifact/corpus/transfer/dnspython/module-05.py,17728,4e7709ed4ba4cc0d2f17bf40c0d6b681e974cbd50ed36b427507f7cd41dbca08,artifact
artifact/corpus/transfer/h11/module-01.py,4888,2d69248d7c89685940cba2eddfdc3bdd44ad925153e68bdcbe8d13918ed162e9,artifact
artifact/corpus/transfer/h11/module-02.py,5252,c6bb29b1db0d81617145f41c4d7c51f11add8d15d74cad08a39710616a49d56b,artifact
artifact/corpus/transfer/h11/module-03.py,8590,6b8472a4e454082dddd2afe4c4fb8120cee34c3f222ede57f754c7d05b1db8de,artifact
artifact/corpus/transfer/h11/module-04.py,10412,3fb0fe9413711f074b64f2e29a6630acf1bef59923125bef25925d6408123fee,artifact
artifact/corpus/transfer/h11/module-05.py,26863,93d61155fea4a19a9bb6d056dfac5259a26959d6706bec50554f401c4a3d0ee2,artifact
artifact/corpus/transfer/httpx/module-01.py,4825,35c3d7dd76a9fc4c0215958efce692c9036e227098c7540c35b3bc1807a2ea36,artifact
artifact/corpus/transfer/httpx/module-02.py,8161,2c61b3ac94d1dcebcde0c6f519554d2d7917247fbaa0a97002db4ef69e70ff28,artifact
artifact/corpus/transfer/httpx/module-03.py,11891,62bdd0c1a5122b5eeb198c7eee3f85762705233cf863d14557ed45e3eed15d7e,artifact
artifact/corpus/transfer/httpx/module-04.py,13983,03379a454c95c0271c4f2c8d25ec437f49f57457f3cf2769748420bf0ecf2e79,artifact
artifact/corpus/transfer/httpx/module-05.py,15626,0a0f4631a6e24d3fecc1a0df5202118ad4b0c4b44c4b05033a6ecb7521aa940e,artifact
artifact/corpus/transfer/idna/module-01.py,1353,01ea40dfd71e447c647c73f8d7e16f296e4a8be7f83df519f7445432508d766a,artifact
artifact/corpus/transfer/idna/module-02.py,1851,838f6c70b4a4a89b4084b98e3836bb8551eb8928e66fad2d893b04a287097412,artifact
artifact/corpus/transfer/idna/module-03.py,4139,b30a892cc35cf14ceceb42b388da5b5a71eeaa51b75914302526e8e27f310c0a,artifact
artifact/corpus/transfer/idna/module-04.py,5040,2516e8f9fee91242dd59e887f3d67bd94478541621bca0c5ad005e357eac4431,artifact
artifact/corpus/transfer/idna/module-05.py,23992,b46525a332f4f83e1f2983de6437151ab8621f5aeff98a2a558295964fd5de19,artifact
artifact/corpus/transfer/jinja2/module-01.py,2834,bcaf8f76cba8ace3275929c4913de25094489139d880ed93e8c9c6c43807239a,artifact
artifact/corpus/transfer/jinja2/module-02.py,4397,3930cf91a16f5361e0bf1fba6a4cfbd79e05f012166919af25c045bf0a291f0c,artifact
artifact/corpus/transfer/jinja2/module-03.py,5926,54bb018551675a0f8fc52073d4c8519cd5a03f5a2f5e4de778ed452d031e0bd4,artifact
artifact/corpus/transfer/jinja2/module-04.py,14061,821d2ab3daee9675e8d0f857e634c9cb6507cc8f3016743ade8fefc3b9e1cd18,artifact
artifact/corpus/transfer/jinja2/module-05.py,24055,c08ae7c63bdc6ea8795705b6f0d4a47e8b620eaf2a342c4839215b1948922c1e,artifact
artifact/corpus/transfer/jmespath/module-01.py,2130,4a21d133599d40f46dd76476aa442efc4cdb77e8219391cbcb51e5d631c0caff,artifact
artifact/corpus/transfer/jmespath/module-02.py,4128,e47468b7806fdd209376f87994041d401b2a49d68a8ee4cf4b21a6934f334af0,artifact
artifact/corpus/transfer/jmespath/module-03.py,8574,2c4dfe74cef99f2f51311f265e65a528a453225cfc9e3bd6cfe33edb2e2de560,artifact
artifact/corpus/transfer/jmespath/module-04.py,12729,73d29131314d9ba2a457a23d42f82386264673bb3120bb3e2f79afc47055fe4c,artifact
artifact/corpus/transfer/jmespath/module-05.py,19571,5630d0379ca349ee467f973d227700e84e18c55473621254697059ada0ec5137,artifact
artifact/corpus/transfer/lark/module-01.py,2117,8f09f8e2870d4216466df705b04667c22fe01af3db360ce343ed11b84b700f32,artifact
artifact/corpus/transfer/lark/module-02.py,5757,2ec81f4f581d9def295c74c2b0de9b97acc3e8f761d9d0eaa75ac858ece9ed8c,artifact
artifact/corpus/transfer/lark/module-03.py,6265,41a2d8756ea6610743abc24a322b15de5bcfab3174c0f82ef2af01b6c480df78,artifact
artifact/corpus/transfer/lark/module-04.py,14933,2142cc9b9265e26932ce7501b67406171364a4271c2298d00ea265feeced5335,artifact
artifact/corpus/transfer/lark/module-05.py,25022,21e54a0878b770401fc7ff59d7354d99503924fa5b5739ac84a278beb7bb467e,artifact
artifact/corpus/transfer/mako/module-01.py,1935,b1465a949488fd778e37d69105bda176cfa295541ac472a57c283f9c097b12e5,artifact
artifact/corpus/transfer/mako/module-02.py,2578,e2abae250b9744a294c85ea4338dcb421253d49db3d4a4a09516550d6fbb7352,artifact
artifact/corpus/transfer/mako/module-03.py,4753,4e7a490f241e5934c61d9ada303a70f050773cdcdb99785a65c8f2201b9dca2d,artifact
artifact/corpus/transfer/mako/module-04.py,10416,ebcf7f8d1d061bff009bad839a59b9879f5563a7b26405371aba2876a1039d9d,artifact
artifact/corpus/transfer/mako/module-05.py,19021,fb09b25ff9a4940a0a85cfbb3ecc74535e442a935277ca06457166be4d89416a,artifact
artifact/corpus/transfer/mistune/module-01.py,1418,947c4f74630adc1d23cc5c62c91c33935df1c6339af8461ba7c8014cb0021505,artifact
artifact/corpus/transfer/mistune/module-02.py,2261,e6811e90b9a21a236e64be4cd55d82b1726aae3fc8f73a19b2a301821ae606c4,artifact
artifact/corpus/transfer/mistune/module-03.py,3724,e7bc3af0b6131071dd525f547935186145aa319addf8a8bbeff746b9043b560a,artifact
artifact/corpus/transfer/mistune/module-04.py,5216,156405c69fa00d2aa51b82ae9b9876fde45b7af0c6df167ece414fab0601855f,artifact
artifact/corpus/transfer/mistune/module-05.py,12670,f4e8f84971ee79d84a44348b48337ef019eb028ebca07a3fe307a62d1a878338,artifact
artifact/corpus/transfer/packaging/module-01.py,2694,a7d66a35888e22d19e7bc29c64578717f61c76157018774aeabfbc9608b1bc64,artifact
artifact/corpus/transfer/packaging/module-02.py,5310,398cedeea2b1ca538027eab45f22b5a80c9cc8f4582df30f74640a4579195b22,artifact
artifact/corpus/transfer/packaging/module-03.py,10221,8187e78f4a511df955738447662b75dca353c8df62895714d915021a2db60703,artifact
artifact/corpus/transfer/packaging/module-04.py,12049,3f4c1edbb8e6d71533806309c418ed50508859e0714ec31e253389e9c8599806,artifact
artifact/corpus/transfer/packaging/module-05.py,22745,e35b3ded6f596adaead8477b45cdea7810da1def2928abd8ab69868f06a17d79,artifact
artifact/corpus/transfer/requests/module-01.py,733,0a2bb2b221c0dfd57951f702057148c7cdc8ac3a6ec1f37d45c4d482fdbc7ed4,artifact
artifact/corpus/transfer/requests/module-02.py,2912,f886e6855cf4e92fb968f499b94b6167afba0fd5ce8d1b935c739a6d8d38d573,artifact
artifact/corpus/transfer/requests/module-03.py,6449,fd96fd39aeedcd5222cd32b016b3e30c463d7a3b66fce9d2444467003c46b10b,artifact
artifact/corpus/transfer/requests/module-04.py,10186,905ef9b6a9cb72d67d31ffe19bd4d9223e1c4169cde6ec51cfca16b31e70991d,artifact
artifact/corpus/transfer/requests/module-05.py,26285,f275f5d7781b6f5db7694b71d844e400dffa22c617f8cd9f4682c696e4c47119,artifact
artifact/corpus/transfer/rich/module-01.py,1348,f4e1f37d95c09e2759a9a660485b17e4ab0983c2471cd51cf2393d76cc5ad629,artifact
artifact/corpus/transfer/rich/module-02.py,3288,02be9952b607885b7af91af693e93d17c57b87180960735daa3936bd55ec2e07,artifact
artifact/corpus/transfer/rich/module-03.py,5325,20eb65efcb1009866c987cb185ee3992b91bebcbbdc55cfbcc5b175490fe6f66,artifact
artifact/corpus/transfer/rich/module-04.py,9391,4283b0838db816477019f47c2b4b59e90eeab7358d0143ff9b8b05698b86ea7c,artifact
artifact/corpus/transfer/rich/module-05.py,10650,492a2583cfe9cc7cd8f50bc9428faaa74b5b3ec9e3f0eff65b88668b597e668d,artifact
artifact/corpus/transfer/urllib3/module-01.py,1146,8f795b64ad633f28b00f7e13f08809cdd5846554fee04fb4bd82098bd52378d0,artifact
artifact/corpus/transfer/urllib3/module-02.py,4444,2633bbdb69731e5ccb5cf4e4afd65605d86c7979cc5633126f50c92d5ad74a74,artifact
artifact/corpus/transfer/urllib3/module-03.py,9931,802785f3948efd45385a83f0607228cffb70f9e33f1153a42c5a7c385b02ec30,artifact
artifact/corpus/transfer/urllib3/module-04.py,12578,6c7307e9f36f6adc173eb2aaadc9fbe32037a5459ca8f0e9a672b52dc2826cff,artifact
artifact/corpus/transfer/urllib3/module-05.py,19734,5d963e433c93eecf1de37aa2b00e28f9e49960178890fc8131986d8f69242d9b,artifact
artifact/corpus/transfer_manifest.csv,24325,afbccbfdfaae235aa782aeacb8bda957bad7639ede02b07891a03f077453c6bb,artifact
artifact/correctness_correspondence.csv,2560,f50ee3b6362ffd18e383a505ba32d3ccfc2bb3d976f72f9ff74515d525176e1f,artifact
artifact/external-baselines/evidence/codeip-protocol.json,1189,b3c3f085709c22038053fce9c793dce9cf543f73ee0f8e6b053b21c0ef73a3fc,artifact
artifact/external-baselines/evidence/srcmarker-protocol.json,1081,dd36115c83f68d044d5a8e29a3d2572cde8edf1e43eb05a1bb8e8bd46ba217d6,artifact
artifact/external-baselines/evidence/stone-protocol.json,1194,d25f91bbb4fcc7476cb43bf1c4427765bf7d11df98a059e9f372554e68db4440,artifact
artifact/external-baselines/evidence/sweet-protocol.json,1148,520e30fe5ce9ab3b6381aba8c9a7989bd3b7929ca1dc0edc63862c2964b9f6f0,artifact
artifact/external-baselines/protocol-definitions.json,1856,073161a5d9ae57e53f8d00a31c5d94312da1f6a1c2d80857f5ac40bc52de790a,artifact
artifact/external-baselines/protocol-sources.csv,1801,477bced037a19a933ed5e4dd444222c32be16891e0f202afc9997c8fc444485f,artifact
artifact/external_resources.csv,13277,58edc575e7719a2487f889be43fd8429bb14dc84545df89c673856785186ec21,artifact
artifact/generator_configuration_audit.json,793,e0fa8aa08ccf644d8250425f55b0f579c814f3eb315cebb6c8023c33cc0d7f17,artifact
artifact/historical_trace_audit.json,5739,40348687607f63304f30a8fc36dff48878f7a7039490fee125a258f1daa0383f,artifact
artifact/js/batch_runner.js,3150,a70a4c47720351408ae438379711527593cd02f7f0e39e110a7ba3a7eb9a11fd,artifact
artifact/local_execution_gaps.json,1700,26a657cb0dd90e3698dd10e8d40135d47bd30b3f225c10c8d61ba8e8a1e86897,artifact
artifact/manuscript_quality_audit.json,5354,3905cff974893dfb4c0c049527f2111274424955435bd9e66f85fabfe2def702,artifact
artifact/manuscript_style_final_audit.json,1418,15dd7862f53bf6df2efe3f8b05b0087b60e9ab483a633a331418c7c49256e40c,artifact
artifact/novelty_landscape_audit.json,2393,726363a4f4a4835b6fded191552988327c007542ebaa87f4832f64847f1e17c6,artifact
artifact/private_trace_audit.json,2411,0cdb7e676e5e77eaec9d02f7e038a27c99bde0c7373ee6cd29eacacd7b95dbba,artifact
artifact/protocol.json,5009,8b800d68b70667c72e09224cb5cdfdd527b30df6c6cdae7eb82900a0cb40a5b7,artifact
artifact/recheck.py,20950,8ece3793d6fdf6b74ad11ffe077d4a9c9224932961e3c275620dad8c57f560e4,artifact
artifact/recheck_extended.py,27386,f71a9ee1f673f9b7c941f236d03e3b47e4b568d317b55a78ecaadeac69ff53f4,artifact
artifact/reference_metadata_audit.json,59052,e4943dcd2687c79749a13976486d9e63b34fe15009e6c08825c41828fcf67c09,artifact
artifact/reproducibility_audit.json,6215,62fc4f12137f1e8264f5677d192f51296226cde6ca3a4495b45b72b848a98621,artifact
artifact/requirements.txt,103,f14ed13095cc69301e82af7db4a4c20bd4cf29e67370cc37daaea33e5bb47c54,artifact
artifact/results/derived/attack_family_means.csv,604,dc56d166c9841e1488ce29c8baa5e86849b526f603f2c2d63ede319d13e51c88,artifact
artifact/results/derived/context_holdouts.csv,25260,2e963b181b2363c5f619743cb7edde7893d66320cda2ea63cb2c01d2c44838cb,artifact
artifact/results/derived/context_sensitivity_summary.json,6894,4f46f2aa659e278fb481e9630e4eef0cf155b78cd6ce7f411e3f62a2dcb7f7da,artifact
artifact/results/derived/contextual_semantic_proxy_auc.csv,20132,5fd501674902a74fbc0be481d4a25e5851247cf072f30feda71c52ad1f941ce0,artifact
artifact/results/derived/cross_language_metric_agreement.csv,742,e37fa068374ac953c86c8d2a9cb22231c11b5a718422ab29556832bfefc56efb,artifact
artifact/results/derived/curve_thresholds.csv,531,f1188af49eafb71c0c1a8ec01f8d38eff8c1cb2d96f47a92dbdabc779ce7f019,artifact
artifact/results/derived/decision_functional_sensitivity.csv,922,2c3c7d81fbe12cb84dc8065710f53e10167cb3d56dcd849e594a3b189997612f,artifact
artifact/results/derived/decision_functional_sensitivity.json,330,d25b94c9ab786b5bfad5652007cd46b9bb48be90cb8b8a7721e7f2819518900f,artifact
artifact/results/derived/duplication_sensitivity.csv,355,bf5e615a91bfa5a51e3fc810c3e1b960a3aeee25af1bbd61e5841bebf47b510a,artifact
artifact/results/derived/external_protocol_rankings.csv,1297,18cddcfb2081b7efed9f46b21de36a6fcaf09d6a0e60c6638f9d79854049cc8f,artifact
artifact/results/derived/external_protocol_replay.csv,785,e3668e10d9f6f28386f31fe1ec4b3c6280368d0bce0d7b264aa0e273d1a150ca,artifact
artifact/results/derived/external_protocol_replay_summary.json,1429,7922834b43e85938efbfea0fcfe04c3dab2b28f018bec17f6f2697dcc5e9b346,artifact
artifact/results/derived/false_positive_summary.json,678,f64268b03aa6aeec56b673b785893fd5a540d5a9ad0a0dd9cd6cb18f303f66e1,artifact
artifact/results/derived/formal_witnesses.json,3775,e39d6bd902dca735624d02e61f799fbe41b09782ed7f649fdf23108f86388aa4,artifact
artifact/results/derived/intervention_models.csv,1598,9ce7a75e750612fdea15856e2ac46eccd262787093b053a8e3bff52aa3f5b476,artifact
artifact/results/derived/metric_rank_correlations.csv,3249,7847d34f5e463dd48683c346995d014197c30fdb4e99eccd0f8ca155409aeebd,artifact
artifact/results/derived/mixture_ambiguity_envelopes.csv,4567,b76c25f703e3b0dcbd56aa3faa159a5eb2d92a3f8de0437f6c02316cfcf33d18,artifact
artifact/results/derived/mixture_ambiguity_summary.json,8361,186d0e2b9b37ab81b3513be4f5f0c6e7eafa627d551f1f9baab4b6f87abb2bf4,artifact
artifact/results/derived/mixture_frontier.csv,6069,7eb8023a31bc3f3cd94cdb00608edce34b54309876effc9a1f0877f82a0c0189,artifact
artifact/results/derived/mixture_robust_winner_sets.csv,657,d401409a6a1ab2e6e62583ed46639e816b0c1ca1c3df7fafe74db237d4c25de2,artifact
artifact/results/derived/mixture_scores.csv,371,39531f50d2000b07d50b61a56ec2c36f0b3e33ddce21fb290c81e2ff81d747d3,artifact
artifact/results/derived/pairwise_mixture_stability.csv,3585,00769c465374199717e534f755a7fbcf5ffc1476d61f021d822f95a53d860834,artifact
artifact/results/derived/project_transfer_leave_one_project.csv,803,db1a751973bb7b2e4809f5549c2e498efd583357c05918b7a3b651d630ca8d19,artifact
artifact/results/derived/project_transfer_size_strata.csv,147,c8fc010b2e0d4851a709a12052ee7fab4ddd475abb4b3c5ca01946a9f45f7208,artifact
artifact/results/derived/project_transfer_summary.csv,638,d621bd4c70296ad96654f65b602a35bcc18a7c06d87901fd87b88760cff4ecf3,artifact
artifact/results/derived/project_transfer_summary.json,2469,8a174980b10495b285ac7950bac573768a811664b50a5554cca46fb42e3a28f6,artifact
artifact/results/derived/response_curves.csv,14487,563ba30fceacb1d4a078e130ee63651771cb489f8d7eeb5c780a72759dc00c65,artifact
artifact/results/derived/semantic_proxy_auc.csv,376,687c58fe24cadc0ef124c31585e2d1ce116c148036d99f561088d7e5a792dc6e,artifact
artifact/results/derived/task_cluster_bootstrap.csv,2360065,7c654ec69ccd7eaa76e8de17140c01e617705375245c2d6e781a8ca57b6582da,artifact
artifact/results/derived/task_cluster_bootstrap_gaps.csv,2256725,bfe8f18bc548afd8d1e337c1cf88f9654a4accfa0102461e86f1cbeb62f4899b,artifact
artifact/results/derived/task_cluster_bootstrap_summary.csv,797,de62cdee6077041aa5ac63dcc31ddaa234e9d1267cc70baa98c7569e138e9bc3,artifact
artifact/results/environment.json,339,97516740745c00a6eba6068cdeff2976f39a1fe93046ffc74d8603eb6ba1a644,artifact
artifact/results/programs/javascript/armstrong/mutant_1.js,126,2fef82588b30455e2204e7bff7f1b963a3293e2aa5cd8781cc6776ade14f4fc8,artifact
artifact/results/programs/javascript/armstrong/mutant_2.js,173,a822de7f525f25f8e1deca0cbbdb3dc7362cf50a9a79c5625559fbeb3239d044,artifact
artifact/results/programs/javascript/armstrong/mutant_3.js,165,81bef92ddeb8a0970d8fd942d2efe3c7db7e500bfe5533b1f37666360c6fbd44,artifact
artifact/results/programs/javascript/armstrong/reference.js,162,940ff9b20765ff8abfa0f907c24612cb648981d121427a521fc1dcebcba053bf,artifact
artifact/results/programs/javascript/collatz_steps/mutant_1.js,196,a367c8ab067af367829cb7b08eba3b318b97b2b31b943bbce6b8bfb25683ed9a,artifact
artifact/results/programs/javascript/collatz_steps/mutant_2.js,232,cac88ea216af6f52501a35962cedca9fc29fcac4a76015fe554c141d4fd4ac22,artifact
artifact/results/programs/javascript/collatz_steps/mutant_3.js,196,116d806d76211c9612deffe1fe68bdb1935a612d0f2f4508d26d73683320d8c1,artifact
artifact/results/programs/javascript/collatz_steps/reference.js,197,c87068100dca25e778d3e9605e819715e466d62ad9d57cb03ff16db6296be2a1,artifact
artifact/results/programs/javascript/darts/mutant_1.js,163,f5620c1638ed8a3387936b0eb18d18950dae0b26b511d3d151bb63042e3f7da2,artifact
artifact/results/programs/javascript/darts/mutant_2.js,164,5916263ddd595d064352045e771cdbd45c9cdd9c975ba633b12b91d9f025729c,artifact
artifact/results/programs/javascript/darts/mutant_3.js,163,108bf51e1a58cad6324f62ba99ffad314db5930c42bf6b57c71ed2e4adf2a1f9,artifact
artifact/results/programs/javascript/darts/reference.js,165,6475f0ce99037c7a9ceefb35e2911f577b2b488c0b663d681a1b03001552f28c,artifact
artifact/results/programs/javascript/grains/mutant_1.js,71,581a5c1ceb2da430ca048be85aa4b48c87fcf90e5dba5a4875fbbe1ff29538f4,artifact
artifact/results/programs/javascript/grains/mutant_2.js,75,195c3a793e86fcdcad74b935cb212cf10d369547a6f3b8af18ba1a1070db6080,artifact
artifact/results/programs/javascript/grains/mutant_3.js,78,66a4952d17bc6b20a8a7eef43983b0dae3741460b88389d2f6b9959f9b53dd3b,artifact
artifact/results/programs/javascript/grains/reference.js,76,de30ea55c5250f66c74a95c9e12a5831307ad207024a5d6b5f126c9167ae3c1b,artifact
artifact/results/programs/javascript/hamming/mutant_1.js,217,0b0c854f4dda372d3641d161e68f8a54ea2c1d157c3ea8b6eb9cc25738c8ef6a,artifact
artifact/results/programs/javascript/hamming/mutant_2.js,194,a1cbb7f7a1577a754b7f5aac8ee7a56f167f9963bea68585244774e6a0b699ad,artifact
artifact/results/programs/javascript/hamming/mutant_3.js,217,eaeb8ed676a79bd4ec51b2a54a069024d847683da866ced5482cb1c664fee263,artifact
artifact/results/programs/javascript/hamming/reference.js,218,6b390096701b3e3b488b4855a482e84bd37e735fe848158fb215592f7b1b2cb5,artifact
artifact/results/programs/javascript/isogram/mutant_1.js,207,892753a0817c638c8ac65c294195c09337064f51e5984421a6295e1cd84da53f,artifact
artifact/results/programs/javascript/isogram/mutant_2.js,151,6bbeb9e31fe8cfd29b5a879a9d227a014a657c0987e8c2c3465e27f0080a5e77,artifact
artifact/results/programs/javascript/isogram/mutant_3.js,161,97bfcb967d302a4a0e1776619476457be846c74cdb1c33f2294575a61b56e3d3,artifact
artifact/results/programs/javascript/isogram/reference.js,149,04b8b441f45473b4e26c0d761833097f7b6e199bb6eb8cc2d73fe4404a07186c,artifact
artifact/results/programs/javascript/leap_year/mutant_1.js,92,72a2bee1977e81a4b9e3f29d6ff774ab013d286eeb06eb314985af81d2892503,artifact
artifact/results/programs/javascript/leap_year/mutant_2.js,50,827db4255d03cc76727f818556aa47504f2757e89db4f45634bdaebf67f85c49,artifact
artifact/results/programs/javascript/leap_year/mutant_3.js,90,9cb6636a0595e2f021154b40867f00d66154cfb26cc93259eba3ba6654765c1e,artifact
artifact/results/programs/javascript/leap_year/reference.js,93,2fc49f31341ce6109e100cf2d99ebd8347305938d45bb46fcd3d5c4d1bd938fb,artifact
artifact/results/programs/javascript/luhn/mutant_1.js,403,d2ddaf6154a46fb5fea6c3c99106f11e809b90c17e35c8d05dabce12a7cdbaac,artifact
artifact/results/programs/javascript/luhn/mutant_2.js,295,654dc58f1f7a0b8cba9f7932f6a6e969f0167b4a9dbd0ac99a87c51d897bca0a,artifact
artifact/results/programs/javascript/luhn/mutant_3.js,397,09c0bfb9afa978a157708105ebec36f9da1a5a3ede1d3fdcbb9c62f162c93c1d,artifact
artifact/results/programs/javascript/luhn/reference.js,398,b90d8f550a3c181339378595682844201517c90822486f5c044df50e0ba2fb01,artifact
artifact/results/programs/javascript/nucleotide_count/mutant_1.js,153,c394d5861149ef92dc06cbfa5db00dbd463aa4bf22b8faf11595a87ed25c472d,artifact
artifact/results/programs/javascript/nucleotide_count/mutant_2.js,131,171db30e12c50863acbebca1c4d65b3c7832e054df49369d49b43d689f59c967,artifact
artifact/results/programs/javascript/nucleotide_count/mutant_3.js,162,4dd5cc48ff782b231067aa7c33340356671e8e7a23a2188f9cfdb52da1a5b212,artifact
artifact/results/programs/javascript/nucleotide_count/reference.js,117,660799d4c0b2fe2d3e07ad3ced526c60a99b90756e688fd59b842af2a9834024,artifact
artifact/results/programs/javascript/raindrops/mutant_1.js,175,4ef0c50d5802ed54b5cef28f93feee736feea498501d806add062fd0020cc81f,artifact
artifact/results/programs/javascript/raindrops/mutant_2.js,157,4f0b8304b47108cb5be100e5b7bb8ac706347796f5f4eb52da7cc45408bcf828,artifact
artifact/results/programs/javascript/raindrops/mutant_3.js,139,cd1353783232796952f56ba352460254e888cbb653f76609fec9769c191c888f,artifact
artifact/results/programs/javascript/raindrops/reference.js,176,792aa2cef499b3ed2f4ac049f3fc8e8f587a3b54dbd4394cc7cfa2c020ceb426,artifact
artifact/results/programs/javascript/reverse_text/mutant_1.js,40,1f325c9f4ec78f953b52b32df332993eddaef47fa9eecdffe31d58322b02c5f6,artifact
artifact/results/programs/javascript/reverse_text/mutant_2.js,77,f758ebd01bab6a6430d04d1b48d2aa994554e1b77744f0899e6a754d93022342,artifact
artifact/results/programs/javascript/reverse_text/mutant_3.js,71,0133a5fc06171fba146eb5b10c40e26b07d82e6ceac0d091bf1e5440807a2d9d,artifact
artifact/results/programs/javascript/reverse_text/reference.js,65,877427a4705590b55212e20c20eb2e8ebc9af2ce8521f3756d70a696e63cf8be,artifact
artifact/results/programs/javascript/triangle/mutant_1.js,240,4fce5ab8d202f64693192a49025cdd4998079da512e156883ba2a0a24829a71a,artifact
artifact/results/programs/javascript/triangle/mutant_2.js,221,998cbeeff3328949ac46fd7dc944551b3775ee246bfa83d0f7ab0a0985f9c5ac,artifact
artifact/results/programs/javascript/triangle/mutant_3.js,232,791979bce58cfcb31c7c1318dcaf67444a3910f64c4a98e5fb9c059f69205466,artifact
artifact/results/programs/javascript/triangle/reference.js,244,ca807e5be238fc82b2a7ea62f52531c8f89dde0f3ff3dd40cc6ca7f8d2c627ac,artifact
artifact/results/programs/python/armstrong/mutant_1.py,96,11e9f534268873564259e7c88e520c686aa561186691cb4f9663f952ff70ff75,artifact
artifact/results/programs/python/armstrong/mutant_2.py,135,11b8dac359afbc97c74f3123c8e3a59c146d461851e99c344771b63a204ad6fe,artifact
artifact/results/programs/python/armstrong/mutant_3.py,128,062d289e6e24173b84aa0d929181c19e3622aca7cf50e533c69a21f23615739c,artifact
artifact/results/programs/python/armstrong/reference.py,125,b32014b032728103e942b6b7531ca7876f23ea8d955ff541331ff7f7254fb40a,artifact
artifact/results/programs/python/collatz_steps/mutant_1.py,194,845b49ac215df50edb3f17a3521518cd214cfa237ddf4236b63207d6b091686f,artifact
artifact/results/programs/python/collatz_steps/mutant_2.py,222,6a367db91d4fd4c1425ae5cc33559d90017a56e65462a59bf6c2ee3124f2c592,artifact
artifact/results/programs/python/collatz_steps/mutant_3.py,194,7d30bef026d50a80f4baa2443fb503b159a809a8847f003d7bea30591203df08,artifact
artifact/results/programs/python/collatz_steps/reference.py,195,19bb169211c116f5b23cfe2e6ff13bd5bfc9758321a78a2c70ac137bcb63c5c0,artifact
artifact/results/programs/python/darts/mutant_1.py,175,2e3f190e613b496961641c0667722880828e66e4ced20502b57bf1b7b9c98e54,artifact
artifact/results/programs/python/darts/mutant_2.py,176,a329d0979466e269013dc2f532226699260f2d559203de2e35832bb29249553f,artifact
artifact/results/programs/python/darts/mutant_3.py,175,f4f1d5881e6c6bb113ba005b70dd261c9ca37fb51e6a43cfe7cf99816ede1410,artifact
artifact/results/programs/python/darts/reference.py,177,079ef0ed60cc93ed4344bef6aaace9f5323aad041aae4fbd19489abf1a64fa3f,artifact
artifact/results/programs/python/grains/mutant_1.py,47,69249c21af4256761f1ee70d3cb19f6a260eeb8c3c2c5ae3979346ae941d74a0,artifact
artifact/results/programs/python/grains/mutant_2.py,53,8bdfa765b826db44126f1776931824a485ea97014cb6d525621398bf1641cd18,artifact
artifact/results/programs/python/grains/mutant_3.py,53,e2fa65d785e667170308fb4d1b61d9a15a3a6b883e0034f596bc95824730c987,artifact
artifact/results/programs/python/grains/reference.py,54,2a2da3a077e577ae73f35d885d1184a906e194417cc5907ab419a2c84b8843c3,artifact
artifact/results/programs/python/hamming/mutant_1.py,143,48f1e5ecebe50102e4a2f3802aefbb6b3096b513e8ab1460d33837f72f625147,artifact
artifact/results/programs/python/hamming/mutant_2.py,76,357d19b059268c85a90dded27df05b9060931aea721aae5edef8f85ddd656eb9,artifact
artifact/results/programs/python/hamming/mutant_3.py,147,df645111721203fdcf6afb46cf7ddcc6ca6546fe4699909745bd9461a41e3580,artifact
artifact/results/programs/python/hamming/reference.py,144,76dece00558038734cbd8c37485e7bd2ed949676b21b30dcaf2878d30630879f,artifact
artifact/results/programs/python/isogram/mutant_1.py,149,4693f71de0200b1171253d872d0b3d446adc76516f3c4405bc9111755cd0f31b,artifact
artifact/results/programs/python/isogram/mutant_2.py,121,6d07d6510e915f5c3da8c11a3c664a8db97aa37eccacbabd4b30e2f4c2ef0bd4,artifact
artifact/results/programs/python/isogram/mutant_3.py,127,cabe0c2afea97240d48e43e9ceff8dc3541407c207349bf31bc6d597395abaf5,artifact
artifact/results/programs/python/isogram/reference.py,118,e8af689dfd7f834f153b07e3d0ac6b6bf7aada0e28abfa6cdaa623232dcf207e,artifact
artifact/results/programs/python/leap_year/mutant_1.py,83,8fc50730d7bc400d34af2557e9586902f992db24bf824e9811b9e1baab8219e2,artifact
artifact/results/programs/python/leap_year/mutant_2.py,42,7742843751f417f3bcc7c64e3ef5c93d6e9d0f89aaa3c4806670e0c04a59174f,artifact
artifact/results/programs/python/leap_year/mutant_3.py,82,5334dd6d715f817f7312fc78b2daa4453f40d78f2577661c59a10612d487f2b1,artifact
artifact/results/programs/python/leap_year/reference.py,84,cac90ae1836c94ecd12a598d7fbf2557803705905d08baf18932118e9644874a,artifact
artifact/results/programs/python/luhn/mutant_1.py,378,77ad62787e258423e671d8b6e9789b8fabecf34e85fce516dd2857d5231a4c2c,artifact
artifact/results/programs/python/luhn/mutant_2.py,276,f6dbf544fa58f733f2c09a0c27e88e993f20f4c1811c27197793dae518694330,artifact
artifact/results/programs/python/luhn/mutant_3.py,372,7caae6fb2947aa23baa0269793706dbebf6f1f72a8fd17eb960c89dec8139e2b,artifact
artifact/results/programs/python/luhn/reference.py,373,603d1ede5b8538bc9bdf7072f46ee9698d4b18e539a2f333d8417136f13600e7,artifact
artifact/results/programs/python/nucleotide_count/mutant_1.py,117,ca1c7c62778ecb8591d9067b696870f2a145a33722067eae11a76344f30f310b,artifact
artifact/results/programs/python/nucleotide_count/mutant_2.py,103,da109cdd400c327ca41c6b108fb5bce5762ef82037241eaea02e421c369238b7,artifact
artifact/results/programs/python/nucleotide_count/mutant_3.py,121,3f053ee40bb4832aaab1e27b9ae404bf4cc76f3e74bc2d2ec5255a0cc6a9de09,artifact
artifact/results/programs/python/nucleotide_count/reference.py,73,b96760f9e4f721abe9b927796c49b062452de7e3a804925d6621d8b2d9bdf6ec,artifact
artifact/results/programs/python/raindrops/mutant_1.py,183,71c5a383a95f1d39ab095338200beeaae06131e8a9456891d94fe2747b57ce08,artifact
artifact/results/programs/python/raindrops/mutant_2.py,162,b07dffedcf619f815f75f4403fae17309894eb5d222f19712e0f0401da9402e2,artifact
artifact/results/programs/python/raindrops/mutant_3.py,140,680d0d702a2bed684a49d56176967fb83278a59c16bdfff0d5c6a0cf6c00e446,artifact
artifact/results/programs/python/raindrops/reference.py,184,e4d520d95ed675c3e279b4f9a79684839324646bae3a077f53af620bf0b7bc5a,artifact
artifact/results/programs/python/reverse_text/mutant_1.py,33,d5041747c0c557f0beb4cc97dfb708188f4b345e08d982bc4e2246b1170cbac5,artifact
artifact/results/programs/python/reverse_text/mutant_2.py,59,93a5e2b79a9493a616bf238807206c5b9befde80621f955b3c8a9d1af6c9e1e9,artifact
artifact/results/programs/python/reverse_text/mutant_3.py,64,1c0009646f75a97878727e12b987b8057d4ff7bdc448dc5ee4da187a57c7d457,artifact
artifact/results/programs/python/reverse_text/reference.py,40,5786610beba032e68c402d7141c77b2e6717be89873fb6ae2301bef4729574ca,artifact
artifact/results/programs/python/triangle/mutant_1.py,242,37505f73d3221e94e2ccdb3a4f2691cf94adc22e9d4098800c61d04262062881,artifact
artifact/results/programs/python/triangle/mutant_2.py,225,b79f30d2570a7dac43e7d994aa27a1f37cb6822fbc8522ba0c9f03e7b5ff025c,artifact
artifact/results/programs/python/triangle/mutant_3.py,240,50f5197af9080341b0ac0c5192f9ebb2c6b53876eab75145f21a8bef8843bf48,artifact
artifact/results/programs/python/triangle/reference.py,246,1c64413bcfe01b68d729b9c04204fb788e9a3e43d1b547032b9af847030d09ef,artifact
artifact/results/raw/cross_language_parity.csv,1845,c0c23251c5960a190882579641a39826fcd10d0f8d6dd8a8a228656b1febb4bf,artifact
artifact/results/raw/diagnostic_pairs.csv,109230,765aec9442c3758ec1f9f294994282eb342ec68cfdf5ae8acccbf3db5c318c60,artifact
artifact/results/raw/metric_interventions.csv,380428,ae0167e89422ce0219f50dec2030c890022c94e976207b10136dd6834bab2612,artifact
artifact/results/raw/mutants.csv,10809,88eb06945b2ca598df3d15e5f687189c073fd1c72f8339c96edf1b37210e8fcd,artifact
artifact/results/raw/project_transfer.csv,105574,a8334a257bb6f2dc0f161c8c14156b2af866f79a3fdfb0cb71b96401fd436319,artifact
artifact/results/raw/robustness.csv,9465577,f42970e2dd73f1fb790a5697be032e835ba1686df97bf80843fbe46427ca368c,artifact
artifact/results/raw/robustness_shard_0.csv,4718612,794ab607b75898f6d60c8c5545190d3cbcb90216a5fe1f6d696a150a8cb0680b,artifact
artifact/results/raw/robustness_shard_1.csv,4747150,676d3e1fba389a8c30188abd5784c8ab171d0c59215db8d5a6b9a32aaa984fb0,artifact
artifact/results/raw/semantic_audit.csv,114816,941ee8f5aec0832103b9fd91c5c5ba7bd97a6c2f85d88695e7cb1bbb1e19e80e,artifact
artifact/results/recheck_report.json,108807,23aa6ae051cb7316863e2e3e0f243bee67666354238dbf8100a43b5d81763df5,artifact
artifact/results/results_manifest.csv,22137,db474670a8962192cee454958dd25be5e2facf32178e8bffb0f363b1f13b7d14,artifact
artifact/results/summary.json,8472,bcc250776c4877280462340a2ff9ab5ef371033b248319eb3aadbca741daa64c,artifact
artifact/results/task_cards/armstrong.json,776,407aaf63582aafa4cf06fc34fe4e7238dee374427659004df6fbdc98a2f05ca1,artifact
artifact/results/task_cards/collatz_steps.json,766,8ab0d7c4a71866c1bd9eb215919924701e9d1c0873ced7aaf87725dc2f38ef57,artifact
artifact/results/task_cards/darts.json,806,5d3238f56a6fcbc3879fce3cce7ec7c3e0dae7bc6dd483e02ec3ee4d8372f3c3,artifact
artifact/results/task_cards/grains.json,740,f3579759b48c8370c178de1d52d4447044272badc14db16a1998c9b5e9458720,artifact
artifact/results/task_cards/hamming.json,840,b63a0f23c90c4281df5c12b5a09e444f22cb138f2969a41df17255d1d8c05c51,artifact
artifact/results/task_cards/isogram.json,736,3886cbd9a1896498349889aa45228d6378b4156d84e427cb243019a501959512,artifact
artifact/results/task_cards/leap_year.json,796,17c4c5cde33ed81a5961de7a4c631911a73835a337d7a401e464dc8c13b74bf8,artifact
artifact/results/task_cards/luhn.json,783,1f9e1ecd2a0a08fec3ad06102cec9c3868edb6d32955843fcd70ba51f87ed923,artifact
artifact/results/task_cards/nucleotide_count.json,748,1498bf5ef6e6c610c80f0177969301f0c6cacd858a3d10c16a39bb77db156563,artifact
artifact/results/task_cards/raindrops.json,732,2f4d10aa848cd0ec7f4ae9542aee0e25e9e6131625963d0552e8a809634a8952,artifact
artifact/results/task_cards/reverse_text.json,774,a00b1ccd512a42e307533badb2f41526b85fe3f616d3286de7d30ffc814ef8b0,artifact
artifact/results/task_cards/triangle.json,890,1f3b79549b588e62567a313e2dc372890b22203b2ddf9e8dfad021c29f6546d4,artifact
artifact/results_manifest.csv,6016,603bfa745db950e5dc6b096c4297a4b8448e38c34a5e2d412eba3ff21dbd9ba3,artifact
artifact/run_all.py,41179,6ecf4e8c1e00e28d7fdec598f498eecd32cd4b0c4ed82f037ad0e954d5fcb8e8,artifact
artifact/src/covewm/__init__.py,36,ea37add1635f11413e732b782e03ba2651a774985a56dd2b921bebb5fb3d6382,artifact
artifact/src/covewm/benchmark.py,13170,c057c6eaada10652edede022d90dfe67bdbcd18267700276c25cb2a9d5c005d6,artifact
artifact/src/covewm/extended.py,34303,c4b65e61580d536451438a3eb6c47e17f2b313d70ceb50e534f74786b33eb1d0,artifact
artifact/src/covewm/external_replay.py,9660,4c4e65e68258acc0140bc7a90d9f5d9856a4bc16707e934d66c61a2a31ddec88,artifact
artifact/src/covewm/metrics.py,13920,6b7d7630441ff3864a41a5605a611312a076eae809959d87239a2d1f1ea99306,artifact
artifact/src/covewm/tasks.py,25542,718f39e105291be8a6c08c246175b04bce56d01e57819bf14fdd991952bf45a4,artifact
artifact/submission-materials-map.json,5596,8d33d8bad538fbb4797b4bd262759a6c7238d93b69bf958d2d7c7f7c97b83aaa,artifact
artifact/tests/test_artifact.py,7423,c2d0e9daa5048b11d65248a4c64eca58a50b7b409f265879fd4ba57184e39e5d,artifact
artifact/venue-calibration.csv,4719,63be2ea33806ca63d950a5f670c0156c00cdd5f5f624f4ed0c70811d345488e7,artifact
artifact/venue-evidence/official-lock.json,8795,42e8bc4f8d753fa505c15261ad0ec3ff17a16027f14bae32a8cec2a6d2597132,artifact
artifact/venue-evidence/reference-calibration.json,555,7b0d87626af5324bd79c253bda9a2f6b2534625975c5da00e85b77711b19de18,artifact
artifact/verify_release.py,10413,9d5c8ec1933500fe9bba4b4f86eef8e19a960d1f8a04a8470b591a219f2c85d7,artifact
paper/ACM-LICENSE.txt,19040,ca3227f672053cb608959d7e1d476c7a13efea11be3f6e53758a68b650c918e8,paper
paper/ACM-Reference-Format.bst,93560,8ec002c927068bfc5b3cfe71b66aa4767b9e485530ac3c67ba5c064df4c2e6ac,paper
paper/AUTHOR_MODE.md,1607,44b3038852601dad60cf7d62318fb2fe09b21df509400fb750a722294ce89fe9,paper
paper/BUILD.md,2064,ae5180e05e356628d171eaa4dd7c4649522af4dc1407a032b4a33d734c2a2289,paper
paper/SOURCE_MANIFEST.md,6645,f6bc464a806e0bd7c6dd2e15108857703859ec3bbd57b2645ab2f1e16ad87f3e,paper
paper/SUPPLEMENT_README.md,755,185e6ca2f5b646e774f6424f4279adaa60e48d18c4fdbaad13e2a880f4dd73a0,paper
paper/VENUE_RULES.md,2230,66183593a873f9b89b3fb760b375acf2ecdb59f7f028d2776ee7d1b7a7a5f98c,paper
paper/acmart.cls,121737,2f949e6e3f2a79f2cdc218b9dcdbaa7dd451adb4ee0be1af6dc7ebe00b318ea7,paper
paper/build.sh,1121,f0566df1ae0bc28bcd6b400204267b8e8093b1fac8f801143f37f5d1dc87465c,paper
paper/citation_shape_audit.json,1524,a6cf3189cec5a96104367f6726fef7db895e0364f27023a9f4e89433a573ca4a,paper
paper/figdata/intervention-heatmap.dat,386,94d72d40b38711741a2ec8077f97a105e5de8c475d51ccd92fb92563e71e6583,paper
paper/figdata/mixed-hybrid.dat,565,3d5ee5f42a7f9cd4faec707d57df98a83e78677239ea2f75fc225ed9c38dae19,paper
paper/figdata/mixed-lexical.dat,565,ca652bd2f311c077806330293810fac4576ad91da3a1db0de1771d5fc51de808,paper
paper/figdata/mixed-structural.dat,565,16f1f5ad44b06588d86fadc3bdfd6b1f4af2a16b88f60e4116542389094e8024,paper
paper/figdata/mixture-frontier.dat,5089,996ec0e7f2dda5b50c71574db1c0dd75101eddadd55c5ef09ad8e2c2d0d168ba,paper
paper/figdata/normalize-hybrid.dat,565,85107c3918da5a637636f78b6f518fc643b87815ba02f2a111d28c459304d290,paper
paper/figdata/normalize-lexical.dat,565,e7250ea095103bcd1fd9ea52a6e64ad2e32e0b4100ba1d88aacd4b4c94780959,paper
paper/figdata/normalize-structural.dat,565,eae0b0c6fde3f21af7a83e4c9e9522e5a96eaacaf5139d76cbd806d7dcdc7992,paper
paper/figdata/protocol-hybrid.dat,43,bfcfb1c2d53d2e402de4bf2940ca27db03eaf2eed7aafd76f27e9474a82f9584,paper
paper/figdata/protocol-lexical.dat,21,337527bd86fa9c5210ff6812c2431006f5cc29c7b321733aa8d6b58295ed49a9,paper
paper/figdata/protocol-structural.dat,43,e4bdccc20649813fb780c8146bcc94d5ade474e93c6fb3f3a3f43f349a7e8643,paper
paper/figdata/rename-hybrid.dat,565,733e527c85b65fe2c2c4a5e04afbf4fe6bf069e837bbd94f03eeff6b4a074483,paper
paper/figdata/rename-lexical.dat,565,7c75822cb8bb5b182613dbd937335b0ba24aff61f7cc6fe9e0eb506e6b9b15ca,paper
paper/figdata/rename-structural.dat,565,e7250ea095103bcd1fd9ea52a6e64ad2e32e0b4100ba1d88aacd4b4c94780959,paper
paper/figdata/strip-hybrid.dat,565,b77a3468ab78c556771928646b7826c8393d9a50afd8f286d9758e65819cdd36,paper
paper/figdata/strip-lexical.dat,565,f306dddd5ea04aa041e80be1c2cdbac8b7404c1796229f9502f6754f346b67aa,paper
paper/figdata/strip-structural.dat,565,d3fbe219f2d0b36d4ce75ecefe1409c59aaf0c4c8f53e072cc4313c3d42fcf70,paper
paper/figdata/transfer-controls.dat,82,ab716fe90d77e30bdc7ac71ce4e2a172c9d41b2751966913268c39d6b42374c6,paper
paper/figdata/transfer-negative.dat,52,281b57d0043f88a9fcb04bf438994ae82a0e8b5b24f151770c1a071d6c431923,paper
paper/main.pdf,656343,fc0fd1a3e0a62df464e6856108bb36b5d7158209468ac0d82988b9c3f810fb44,paper
paper/main.tex,140417,4c65dea5cb5cc946b989154c4abdd20df97f8ad0a0d8d765d2cf657b82b29004,paper
paper/online-supplement.pdf,313668,3a4fbe9ff4b377c6d40a1067cd3871cde9d3ac09cb8c3ef8af994a6cbb9449b0,paper
paper/online-supplement.tex,50070,f780d3dfabcf732bec87063dd2f049dca34e4c95cb200a253414e4c51c1144b0,paper
paper/online_supplement_audit.json,2449,302d19080ae8fea28fa93c754ce6aa02d120515f78f5d1931a3152b76fa27e05,paper
paper/page_fit_audit.json,5694,87ec31a83200c7261bcafdad7283e1b1452d689e38afd1ecc0aa64179dd78e81,paper
paper/references.bib,29358,c0609f2e64ef3083ca0d1364316eff6b136c1d817411f49531b9bde8b36bc530,paper
paper/template_compliance_audit.json,4754,1c8dc7933f47372009a09ceff34c1aa84b6f4a577c637a96c0dd861c339f324b,paper
paper/visual_qa.json,4655,460e583953f6edeb0f4e9dd718737efde41f76cb2aa44c0d10a24418232cd33e,paper
research-plan.md,3666,054b85fcb4f9d5757d9175655c10ee504cc582ca1c85496c778186f66dcfe9b3,root
