result_id,result_or_plot,paper_location,command,environment_sha256,input_or_raw_sha256,raw_output,derived_output,recheck_status,verified_summary
R01,Task domains and cross-language parity,"Sections 3.2, 3.5, and 5.1",PYTHONPATH=src python3 run_all.py --out results,97516740745c00a6eba6068cdeff2976f39a1fe93046ffc74d8603eb6ba1a644,c0c23251c5960a190882579641a39826fcd10d0f8d6dd8a8a228656b1febb4bf,raw/cross_language_parity.csv,summary.json,VERIFIED,"12 tasks; 33,013 cases per language; zero parity failures"
R02,Mutant effectiveness and nominal-test survivors,"Sections 3.2, 3.5, and 5.1",PYTHONPATH=src python3 run_all.py --out results,97516740745c00a6eba6068cdeff2976f39a1fe93046ffc74d8603eb6ba1a644,88eb06945b2ca598df3d15e5f687189c073fd1c72f8339c96edf1b37210e8fcd,raw/mutants.csv,derived/semantic_proxy_auc.csv,VERIFIED,72 effective mutants; six nominal survivors
R03,Bounded semantic audit,"Sections 3.4, 3.5, and 5.1",PYTHONPATH=src python3 run_all.py --out results,97516740745c00a6eba6068cdeff2976f39a1fe93046ffc74d8603eb6ba1a644,941ee8f5aec0832103b9fd91c5c5ba7bd97a6c2f85d88695e7cb1bbb1e19e80e,raw/semantic_audit.csv,summary.json,VERIFIED,504 pairs; zero failures
R04,Semantic-proxy discriminant analysis,Section 5.1,PYTHONPATH=src python3 run_all.py --out results,97516740745c00a6eba6068cdeff2976f39a1fe93046ffc74d8603eb6ba1a644,765aec9442c3758ec1f9f294994282eb342ec68cfdf5ae8acccbf3db5c318c60,raw/diagnostic_pairs.csv,derived/semantic_proxy_auc.csv; derived/contextual_semantic_proxy_auc.csv,VERIFIED,Nominal pass AUC 0.958; source proxies do not order the contrast
R05,Structural intervention analysis,Sections 3.5 and 5.2,PYTHONPATH=src python3 run_all.py --out results,97516740745c00a6eba6068cdeff2976f39a1fe93046ffc74d8603eb6ba1a644,ae0167e89422ce0219f50dec2030c890022c94e976207b10136dd6834bab2612,raw/metric_interventions.csv,derived/intervention_models.csv; derived/metric_rank_correlations.csv,VERIFIED,"1,296 intervention observations"
R06,Attack response curves,"Sections 3.4, 3.5, and 5.3",PYTHONPATH=src python3 run_all.py --out results,97516740745c00a6eba6068cdeff2976f39a1fe93046ffc74d8603eb6ba1a644,f42970e2dd73f1fb790a5697be032e835ba1686df97bf80843fbe46427ca368c,raw/robustness.csv,derived/response_curves.csv; derived/curve_thresholds.csv,VERIFIED,"76,032 observations; 198 curve strata"
R07,Mixture scores and ranking reversal,Sections 4.2 and 5.3,PYTHONPATH=src python3 run_all.py --out results,97516740745c00a6eba6068cdeff2976f39a1fe93046ffc74d8603eb6ba1a644,dc56d166c9841e1488ce29c8baa5e86849b526f603f2c2d63ede319d13e51c88,derived/attack_family_means.csv,derived/mixture_scores.csv; derived/mixture_frontier.csv,VERIFIED,Opposite targeted winners; balanced near-tie
R08,Exact mixture stability and open-world extension,Sections 4.1–4.2 and 5.3,PYTHONPATH=src python3 run_all.py --out results,97516740745c00a6eba6068cdeff2976f39a1fe93046ffc74d8603eb6ba1a644,dc56d166c9841e1488ce29c8baa5e86849b526f603f2c2d63ede319d13e51c88,derived/attack_family_means.csv,derived/pairwise_mixture_stability.csv; derived/mixture_ambiguity_envelopes.csv; derived/mixture_robust_winner_sets.csv,VERIFIED,Exact total-variation witnesses and unseen-stratum budgets
R09,Context composition and task-cluster resampling,Sections 3.6 and 5.4,PYTHONPATH=src python3 run_all.py --out results,97516740745c00a6eba6068cdeff2976f39a1fe93046ffc74d8603eb6ba1a644,f42970e2dd73f1fb790a5697be032e835ba1686df97bf80843fbe46427ca368c,raw/robustness.csv,derived/context_holdouts.csv; derived/task_cluster_bootstrap_summary.csv; derived/task_cluster_bootstrap_gaps.csv,VERIFIED,"38 holdouts and 5,000 task-cluster replicates"
R10,Decision-functional sensitivity,Sections 3.6 and 5.4,PYTHONPATH=src python3 run_all.py --out results,97516740745c00a6eba6068cdeff2976f39a1fe93046ffc74d8603eb6ba1a644,dc56d166c9841e1488ce29c8baa5e86849b526f603f2c2d63ede319d13e51c88,derived/attack_family_means.csv,derived/decision_functional_sensitivity.csv,VERIFIED,Five declared functionals yield two distinct winners
R11,Duplication sensitivity,Sections 4.3 and 5.4,PYTHONPATH=src python3 run_all.py --out results,97516740745c00a6eba6068cdeff2976f39a1fe93046ffc74d8603eb6ba1a644,dc56d166c9841e1488ce29c8baa5e86849b526f603f2c2d63ede319d13e51c88,derived/attack_family_means.csv,derived/duplication_sensitivity.csv,VERIFIED,Row-weighted summaries move; equal-stratum macro summaries do not
R12,Exact and empirical false-positive calibration,"Sections 3.6, 4.4, and 5.6",PYTHONPATH=src python3 run_all.py --out results,97516740745c00a6eba6068cdeff2976f39a1fe93046ffc74d8603eb6ba1a644,f64268b03aa6aeec56b673b785893fd5a540d5a9ad0a0dd9cd6cb18f303f66e1,derived/false_positive_summary.json,derived/formal_witnesses.json,VERIFIED,Exact 24-bit null plus two empirical paths
R13,Multi-project transfer audit,Sections 3.3 and 5.7,PYTHONPATH=src python3 run_all.py --out results,97516740745c00a6eba6068cdeff2976f39a1fe93046ffc74d8603eb6ba1a644,a8334a257bb6f2dc0f161c8c14156b2af866f79a3fdfb0cb71b96401fd436319,raw/project_transfer.csv,derived/project_transfer_summary.csv; derived/project_transfer_size_strata.csv; derived/project_transfer_leave_one_project.csv,VERIFIED,24 projects; 120 modules; retained negative control
R14,Independent deterministic reconstruction,Sections 3.7 and 6.2,PYTHONPATH=src python3 run_all.py --out results,97516740745c00a6eba6068cdeff2976f39a1fe93046ffc74d8603eb6ba1a644,,results_manifest.csv,recheck_report.json,VERIFIED,900 checks; zero failures
R15,Public evaluation-protocol replay,"Sections 3.1, 3.6, and 5.5",PYTHONHASHSEED=1 python3 run_all.py --out results,97516740745c00a6eba6068cdeff2976f39a1fe93046ffc74d8603eb6ba1a644,221652f6f44a2a2e2278b281120da290475561738467b80b2a71b95e1687c611,raw/robustness.csv; external-baselines/protocol-sources.csv,derived/external_protocol_replay.csv; derived/external_protocol_rankings.csv; derived/external_protocol_replay_summary.json,VERIFIED,"Same 76,032 outcomes yield lexical, structural, and hybrid leaders under different admissible functionals; STONE component mismatch retained"
