record_type,paper_id,title,doi,year,venue,total_pages,reference_count,count_source_url,count_locator,methodological_relevance,verification_status,sample_median,nearest_rank_p75,reference_floor
PAPER,T01,Input Distribution Coverage: Measuring Feature Interaction Adequacy in Neural Network Testing,10.1145/3576040,2023,ACM Transactions on Software Engineering and Methodology,48,95,https://www.researchgate.net/publication/366206639_Input_Distribution_Coverage_Measuring_Feature_Interaction_Adequacy_in_Neural_Network_Testing,record reports References (95),test adequacy and metric validity,VERIFIED_PUBLIC_SCHOLARLY_RECORD,,,
PAPER,T02,Seed Selection for Testing Deep Neural Networks,10.1145/3607190,2023,ACM Transactions on Software Engineering and Methodology,33,47,https://ouci.dntb.gov.ua/en/works/7PqpGae4/,record reports 47 works in reference list,benchmark composition sensitivity,VERIFIED_PUBLIC_SCHOLARLY_RECORD,,,
PAPER,T03,DeepPatch: Maintaining Deep Learning Model Programs to Retain Standard Accuracy with Substantial Robustness Improvement,10.1145/3604609,2023,ACM Transactions on Software Engineering and Methodology,49,55,https://ouci.dntb.gov.ua/en/works/4V6PPLX4/,record reports 55 works in reference list,robustness evaluation and tradeoffs,VERIFIED_PUBLIC_SCHOLARLY_RECORD,,,
PAPER,T04,Context-Aware Fuzzing for Robustness Enhancement of Deep Learning Models,10.1145/3680464,2024,ACM Transactions on Software Engineering and Methodology,68,96,https://www.researchgate.net/publication/382538368_Context-Aware_Fuzzing_for_Robustness_Enhancement_of_Deep_Learning_Models,record reports References (96),attack-conditioned robustness evaluation,VERIFIED_PUBLIC_SCHOLARLY_RECORD,,,
PAPER,T05,Hierarchical Distribution-aware Testing of Deep Learning,10.1145/3625290,2023,ACM Transactions on Software Engineering and Methodology,35,48,https://ouci.dntb.gov.ua/en/works/4NwPOrVl/,record reports 48 works in reference list,distribution-aware test measurement,VERIFIED_PUBLIC_SCHOLARLY_RECORD,,,
PAPER,T06,On the Reliability and Explainability of Language Models for Program Generation,10.1145/3641540,2024,ACM Transactions on Software Engineering and Methodology,26,89,https://www.researchgate.net/publication/377513932_On_the_Reliability_and_Explainability_of_Language_Models_for_Program_Generation,record reports References (89),evaluation reliability and duplication threats,VERIFIED_PUBLIC_SCHOLARLY_RECORD,,,
PAPER,T07,An Empirical Study on Data Distribution-Aware Test Selection for Deep Learning Enhancement,10.1145/3511598,2022,ACM Transactions on Software Engineering and Methodology,30,61,https://www.researchgate.net/publication/360059537_An_Empirical_Study_on_Data_Distribution-Aware_Test_Selection_for_Deep_Learning_Enhancement,record reports References (61),distribution sensitivity and test selection,VERIFIED_PUBLIC_SCHOLARLY_RECORD,,,
PAPER,T08,Coverage-Based Debloating for Java Bytecode,10.1145/3546948,2023,ACM Transactions on Software Engineering and Methodology,34,76,https://www.researchgate.net/publication/361841028_Coverage-Based_Debloating_for_Java_Bytecode,record reports References (76),workload-bounded behavioral evidence,VERIFIED_PUBLIC_SCHOLARLY_RECORD,,,
PAPER,T09,GraphPrior: Mutation-based Test Input Prioritization for Graph Neural Networks,10.1145/3607191,2023,ACM Transactions on Software Engineering and Methodology,40,96,https://orbilu.uni.lu/handle/10993/56068,institutional bibliography contains 96 entries,mutation-based metric evaluation,VERIFIED_PUBLIC_SCHOLARLY_RECORD,,,
PAPER,T10,Simulator-based Explanation and Debugging of Hazard-triggering Events in DNN-based Safety-critical Systems,10.1145/3569935,2023,ACM Transactions on Software Engineering and Methodology,47,69,https://orbilu.uni.lu/handle/10993/52366,institutional bibliography contains 69 entries,multi-system empirical methodology,VERIFIED_PUBLIC_SCHOLARLY_RECORD,,,
PAPER,T11,Feedback-Directed Metamorphic Testing,10.1145/3533314,2023,ACM Transactions on Software Engineering and Methodology,34,35,https://ouci.dntb.gov.ua/en/works/4kRvzGW7/,record reports 35 works in reference list,metamorphic oracle construction,VERIFIED_PUBLIC_SCHOLARLY_RECORD,,,
PAPER,T12,A Catalog of Data Smells for Coding Tasks,10.1145/3707457,2025,ACM Transactions on Software Engineering and Methodology,32,90,https://ouci.dntb.gov.ua/en/works/l16rBnk9/,record reports 90 works in reference list,benchmark-data validity and taxonomy,VERIFIED_PUBLIC_SCHOLARLY_RECORD,,,
SUMMARY,TOSEM-12-2022-2025,,,2022-2025,ACM Transactions on Software Engineering and Methodology,,,,"sorted counts: [35, 47, 48, 55, 61, 69, 76, 89, 90, 95, 96, 96]",12 recent methodologically close research articles,VERIFIED,72.5,90,73
