scheme,attack,mean_detection_rate
lexical,format,1.000000000000
lexical,rename,0.241714015152
lexical,normalize,1.000000000000
lexical,random_flip,0.144649621212
lexical,strip,0.410748106061
lexical,mixed,0.181581439394
structural,format,1.000000000000
structural,rename,1.000000000000
structural,normalize,0.237215909091
structural,random_flip,0.144176136364
structural,strip,0.413352272727
structural,mixed,0.180634469697
hybrid,format,1.000000000000
hybrid,rename,0.385653409091
hybrid,normalize,0.396306818182
hybrid,random_flip,0.143229166667
hybrid,strip,0.413825757576
hybrid,mixed,0.174715909091
