indicator,matched_profiles,spearman,median_absolute_difference,p95_absolute_difference
ast_type_distortion,648,0.944465522877,0.044427480916,0.094220296461
character_distortion,648,0.958174409586,0.031566296778,0.085173994056
control_profile_distortion,648,0.974095402842,0.000000000000,0.123076923077
identifier_multiset_distortion,648,0.930848671997,0.038454106280,0.186563691838
identifier_normalized_distortion,648,0.964024566523,0.037163800705,0.097049180328
identifier_style_distortion,648,0.872338332844,0.086212590299,0.336206896552
token_distortion,648,0.964024566523,0.037163800705,0.097049180328
carrier_retention,648,1.000000000000,0.000000000000,0.000000000000
payload_match_rate,648,0.965029340376,0.000000000000,0.166666666667
