protocol,scheme,score,rank,winner
native_exact_tail_detection,lexical,0.496448863636,1,lexical
native_exact_tail_detection,structural,0.495896464646,2,lexical
native_exact_tail_detection,hybrid,0.418955176768,3,lexical
srcmarker_bit_accuracy,structural,0.692106613005,1,structural
srcmarker_bit_accuracy,lexical,0.690577651515,2,structural
srcmarker_bit_accuracy,hybrid,0.684374671191,3,structural
srcmarker_exact_message,structural,0.402028093434,1,structural
srcmarker_exact_message,lexical,0.401278409091,2,structural
srcmarker_exact_message,hybrid,0.269807449495,3,structural
codeip_available_prefix_exact,structural,0.554332386364,1,structural
codeip_available_prefix_exact,lexical,0.553661616162,2,structural
codeip_available_prefix_exact,hybrid,0.421756628788,3,structural
sweet_exact_null_auroc,hybrid,0.818699204751,1,hybrid
sweet_exact_null_auroc,structural,0.800768453339,2,hybrid
sweet_exact_null_auroc,lexical,0.799161047895,3,hybrid
sweet_tpr_at_fpr_0_01,hybrid,0.681043210626,1,hybrid
sweet_tpr_at_fpr_0_01,structural,0.644493837139,2,hybrid
sweet_tpr_at_fpr_0_01,lexical,0.644117171063,3,hybrid
sweet_tpr_at_fpr_0_05,hybrid,0.740088284129,1,hybrid
sweet_tpr_at_fpr_0_05,structural,0.694079612043,2,hybrid
sweet_tpr_at_fpr_0_05,lexical,0.691333549118,3,hybrid
