rename_share_of_target_mass,lexical,structural,hybrid,winner
0.00,0.665080492424,0.253636363636,0.339422348485,lexical
0.01,0.660985748106,0.257755397727,0.339364820076,lexical
0.02,0.656891003788,0.261874431818,0.339307291667,lexical
0.03,0.652796259470,0.265993465909,0.339249763258,lexical
0.04,0.648701515152,0.270112500000,0.339192234848,lexical
0.05,0.644606770833,0.274231534091,0.339134706439,lexical
0.06,0.640512026515,0.278350568182,0.339077178030,lexical
0.07,0.636417282197,0.282469602273,0.339019649621,lexical
0.08,0.632322537879,0.286588636364,0.338962121212,lexical
0.09,0.628227793561,0.290707670455,0.338904592803,lexical
0.10,0.624133049242,0.294826704545,0.338847064394,lexical
0.11,0.620038304924,0.298945738636,0.338789535985,lexical
0.12,0.615943560606,0.303064772727,0.338732007576,lexical
0.13,0.611848816288,0.307183806818,0.338674479167,lexical
0.14,0.607754071970,0.311302840909,0.338616950758,lexical
0.15,0.603659327652,0.315421875000,0.338559422348,lexical
0.16,0.599564583333,0.319540909091,0.338501893939,lexical
0.17,0.595469839015,0.323659943182,0.338444365530,lexical
0.18,0.591375094697,0.327778977273,0.338386837121,lexical
0.19,0.587280350379,0.331898011364,0.338329308712,lexical
0.20,0.583185606061,0.336017045455,0.338271780303,lexical
0.21,0.579090861742,0.340136079545,0.338214251894,lexical
0.22,0.574996117424,0.344255113636,0.338156723485,lexical
0.23,0.570901373106,0.348374147727,0.338099195076,lexical
0.24,0.566806628788,0.352493181818,0.338041666667,lexical
0.25,0.562711884470,0.356612215909,0.337984138258,lexical
0.26,0.558617140152,0.360731250000,0.337926609848,lexical
0.27,0.554522395833,0.364850284091,0.337869081439,lexical
0.28,0.550427651515,0.368969318182,0.337811553030,lexical
0.29,0.546332907197,0.373088352273,0.337754024621,lexical
0.30,0.542238162879,0.377207386364,0.337696496212,lexical
0.31,0.538143418561,0.381326420455,0.337638967803,lexical
0.32,0.534048674242,0.385445454545,0.337581439394,lexical
0.33,0.529953929924,0.389564488636,0.337523910985,lexical
0.34,0.525859185606,0.393683522727,0.337466382576,lexical
0.35,0.521764441288,0.397802556818,0.337408854167,lexical
0.36,0.517669696970,0.401921590909,0.337351325758,lexical
0.37,0.513574952652,0.406040625000,0.337293797348,lexical
0.38,0.509480208333,0.410159659091,0.337236268939,lexical
0.39,0.505385464015,0.414278693182,0.337178740530,lexical
0.40,0.501290719697,0.418397727273,0.337121212121,lexical
0.41,0.497195975379,0.422516761364,0.337063683712,lexical
0.42,0.493101231061,0.426635795455,0.337006155303,lexical
0.43,0.489006486742,0.430754829545,0.336948626894,lexical
0.44,0.484911742424,0.434873863636,0.336891098485,lexical
0.45,0.480816998106,0.438992897727,0.336833570076,lexical
0.46,0.476722253788,0.443111931818,0.336776041667,lexical
0.47,0.472627509470,0.447230965909,0.336718513258,lexical
0.48,0.468532765152,0.451350000000,0.336660984848,lexical
0.49,0.464438020833,0.455469034091,0.336603456439,lexical
0.50,0.460343276515,0.459588068182,0.336545928030,lexical
0.51,0.456248532197,0.463707102273,0.336488399621,structural
0.52,0.452153787879,0.467826136364,0.336430871212,structural
0.53,0.448059043561,0.471945170455,0.336373342803,structural
0.54,0.443964299242,0.476064204545,0.336315814394,structural
0.55,0.439869554924,0.480183238636,0.336258285985,structural
0.56,0.435774810606,0.484302272727,0.336200757576,structural
0.57,0.431680066288,0.488421306818,0.336143229167,structural
0.58,0.427585321970,0.492540340909,0.336085700758,structural
0.59,0.423490577652,0.496659375000,0.336028172348,structural
0.60,0.419395833333,0.500778409091,0.335970643939,structural
0.61,0.415301089015,0.504897443182,0.335913115530,structural
0.62,0.411206344697,0.509016477273,0.335855587121,structural
0.63,0.407111600379,0.513135511364,0.335798058712,structural
0.64,0.403016856061,0.517254545455,0.335740530303,structural
0.65,0.398922111742,0.521373579545,0.335683001894,structural
0.66,0.394827367424,0.525492613636,0.335625473485,structural
0.67,0.390732623106,0.529611647727,0.335567945076,structural
0.68,0.386637878788,0.533730681818,0.335510416667,structural
0.69,0.382543134470,0.537849715909,0.335452888258,structural
0.70,0.378448390152,0.541968750000,0.335395359848,structural
0.71,0.374353645833,0.546087784091,0.335337831439,structural
0.72,0.370258901515,0.550206818182,0.335280303030,structural
0.73,0.366164157197,0.554325852273,0.335222774621,structural
0.74,0.362069412879,0.558444886364,0.335165246212,structural
0.75,0.357974668561,0.562563920455,0.335107717803,structural
0.76,0.353879924242,0.566682954545,0.335050189394,structural
0.77,0.349785179924,0.570801988636,0.334992660985,structural
0.78,0.345690435606,0.574921022727,0.334935132576,structural
0.79,0.341595691288,0.579040056818,0.334877604167,structural
0.80,0.337500946970,0.583159090909,0.334820075758,structural
0.81,0.333406202652,0.587278125000,0.334762547348,structural
0.82,0.329311458333,0.591397159091,0.334705018939,structural
0.83,0.325216714015,0.595516193182,0.334647490530,structural
0.84,0.321121969697,0.599635227273,0.334589962121,structural
0.85,0.317027225379,0.603754261364,0.334532433712,structural
0.86,0.312932481061,0.607873295455,0.334474905303,structural
0.87,0.308837736742,0.611992329545,0.334417376894,structural
0.88,0.304742992424,0.616111363636,0.334359848485,structural
0.89,0.300648248106,0.620230397727,0.334302320076,structural
0.90,0.296553503788,0.624349431818,0.334244791667,structural
0.91,0.292458759470,0.628468465909,0.334187263258,structural
0.92,0.288364015152,0.632587500000,0.334129734848,structural
0.93,0.284269270833,0.636706534091,0.334072206439,structural
0.94,0.280174526515,0.640825568182,0.334014678030,structural
0.95,0.276079782197,0.644944602273,0.333957149621,structural
0.96,0.271985037879,0.649063636364,0.333899621212,structural
0.97,0.267890293561,0.653182670455,0.333842092803,structural
0.98,0.263795549242,0.657301704545,0.333784564394,structural
0.99,0.259700804924,0.661420738636,0.333727035985,structural
1.00,0.255606060606,0.665539772727,0.333669507576,structural
