mixture,scheme,tv_radius,baseline_score,worst_case_score,best_case_score
balanced,lexical,0.00,0.395738636364,0.395738636364,0.395738636364
balanced,lexical,0.01,0.395738636364,0.387185132576,0.404292140152
balanced,lexical,0.05,0.395738636364,0.352971117424,0.438506155303
balanced,lexical,0.10,0.395738636364,0.310203598485,0.481273674242
balanced,lexical,0.20,0.395738636364,0.224668560606,0.566808712121
balanced,lexical,0.30,0.395738636364,0.198058712121,0.648650568182
balanced,lexical,0.50,0.395738636364,0.161742424242,0.806321022727
balanced,structural,0.00,0.395075757576,0.395075757576,0.395075757576
balanced,structural,0.01,0.395075757576,0.386517518939,0.403633996212
balanced,structural,0.05,0.395075757576,0.352284564394,0.437866950758
balanced,structural,0.10,0.395075757576,0.309493371212,0.480658143939
balanced,structural,0.20,0.395075757576,0.223910984848,0.566240530303
balanced,structural,0.30,0.395075757576,0.196993371212,0.648177083333
balanced,structural,0.50,0.395075757576,0.160771780303,0.806392045455
balanced,hybrid,0.00,0.302746212121,0.302746212121,0.302746212121
balanced,hybrid,0.01,0.302746212121,0.300040246212,0.305452178030
balanced,hybrid,0.05,0.302746212121,0.289216382576,0.316276041667
balanced,hybrid,0.10,0.302746212121,0.275686553030,0.329805871212
balanced,hybrid,0.20,0.302746212121,0.248626893939,0.356865530303
balanced,hybrid,0.30,0.302746212121,0.223319128788,0.380776515152
balanced,hybrid,0.50,0.302746212121,0.173768939394,0.407504734848
rename-heavy,lexical,0.00,0.255606060606,0.255606060606,0.255606060606
rename-heavy,lexical,0.01,0.255606060606,0.252945075758,0.264159564394
rename-heavy,lexical,0.05,0.255606060606,0.242301136364,0.298373579545
rename-heavy,lexical,0.10,0.255606060606,0.228996212121,0.341141098485
rename-heavy,lexical,0.20,0.255606060606,0.202386363636,0.426676136364
rename-heavy,lexical,0.30,0.255606060606,0.189299242424,0.506387310606
rename-heavy,lexical,0.50,0.255606060606,0.169886363636,0.658044507576
rename-heavy,structural,0.00,0.665539772727,0.665539772727,0.665539772727
rename-heavy,structural,0.01,0.665539772727,0.656981534091,0.674098011364
rename-heavy,structural,0.05,0.665539772727,0.622748579545,0.708330965909
rename-heavy,structural,0.10,0.665539772727,0.579957386364,0.751122159091
rename-heavy,structural,0.20,0.665539772727,0.494375000000,0.836704545455
rename-heavy,structural,0.30,0.665539772727,0.408792613636,0.906136363636
rename-heavy,structural,0.50,0.665539772727,0.237627840909,1.000000000000
rename-heavy,hybrid,0.00,0.333669507576,0.333669507576,0.333669507576
rename-heavy,hybrid,0.01,0.333669507576,0.330963541667,0.336375473485
rename-heavy,hybrid,0.05,0.333669507576,0.320139678030,0.347199337121
rename-heavy,hybrid,0.10,0.333669507576,0.306609848485,0.360729166667
rename-heavy,hybrid,0.20,0.333669507576,0.279550189394,0.387788825758
rename-heavy,hybrid,0.30,0.333669507576,0.254744318182,0.400303030303
rename-heavy,hybrid,0.50,0.333669507576,0.206259469697,0.405937500000
structure-heavy,lexical,0.00,0.665080492424,0.665080492424,0.665080492424
structure-heavy,lexical,0.01,0.665080492424,0.656526988636,0.673633996212
structure-heavy,lexical,0.05,0.665080492424,0.622312973485,0.707848011364
structure-heavy,lexical,0.10,0.665080492424,0.579545454545,0.750615530303
structure-heavy,lexical,0.20,0.665080492424,0.494010416667,0.836150568182
structure-heavy,lexical,0.30,0.665080492424,0.408475378788,0.905719696970
structure-heavy,lexical,0.50,0.665080492424,0.237405303030,1.000000000000
structure-heavy,structural,0.00,0.253636363636,0.253636363636,0.253636363636
structure-heavy,structural,0.01,0.253636363636,0.250944602273,0.262194602273
structure-heavy,structural,0.05,0.253636363636,0.240177556818,0.296427556818
structure-heavy,structural,0.10,0.253636363636,0.226718750000,0.339218750000
structure-heavy,structural,0.20,0.253636363636,0.199801136364,0.424801136364
structure-heavy,structural,0.30,0.253636363636,0.186974431818,0.504801136364
structure-heavy,structural,0.50,0.253636363636,0.168366477273,0.657357954545
structure-heavy,hybrid,0.00,0.339422348485,0.339422348485,0.339422348485
structure-heavy,hybrid,0.01,0.339422348485,0.336716382576,0.342128314394
structure-heavy,hybrid,0.05,0.339422348485,0.325892518939,0.352952178030
structure-heavy,hybrid,0.10,0.339422348485,0.312362689394,0.366482007576
structure-heavy,hybrid,0.20,0.339422348485,0.285303030303,0.393541666667
structure-heavy,hybrid,0.30,0.339422348485,0.259644886364,0.405416666667
structure-heavy,hybrid,0.50,0.339422348485,0.209029356061,0.408920454545
