mixture,winner,challenger,baseline_margin,baseline_margin_exact,minimum_tv_to_tie,minimum_tv_to_tie_exact,tie_weights,tie_weights_exact
balanced,lexical,structural,0.000662878788,7/10560,0.000435797665,14/32125,"{""mixed"": ""0.200000000000"", ""normalize"": ""0.199564202335"", ""random_flip"": ""0.200000000000"", ""rename"": ""0.200435797665"", ""strip"": ""0.200000000000""}","{""mixed"": ""1/5"", ""normalize"": ""6411/32125"", ""random_flip"": ""1/5"", ""rename"": ""6439/32125"", ""strip"": ""1/5""}"
balanced,lexical,hybrid,0.092992424242,491/5280,0.124382520583,982/7895,"{""mixed"": ""0.200000000000"", ""normalize"": ""0.075617479417"", ""random_flip"": ""0.200000000000"", ""rename"": ""0.324382520583"", ""strip"": ""0.200000000000""}","{""mixed"": ""1/5"", ""normalize"": ""597/7895"", ""random_flip"": ""1/5"", ""rename"": ""2561/7895"", ""strip"": ""1/5""}"
balanced,structural,hybrid,0.092329545455,65/704,0.119375573921,130/1089,"{""mixed"": ""0.200000000000"", ""normalize"": ""0.319375573921"", ""random_flip"": ""0.200000000000"", ""rename"": ""0.080624426079"", ""strip"": ""0.200000000000""}","{""mixed"": ""1/5"", ""normalize"": ""1739/5445"", ""random_flip"": ""1/5"", ""rename"": ""439/5445"", ""strip"": ""1/5""}"
rename-heavy,structural,lexical,0.409933712121,43289/105600,0.269503501946,43289/160625,"{""mixed"": ""0.000000000000"", ""normalize"": ""0.269503501946"", ""random_flip"": ""0.240000000000"", ""rename"": ""0.270496498054"", ""strip"": ""0.220000000000""}","{""mixed"": ""0/1"", ""normalize"": ""43289/160625"", ""random_flip"": ""6/25"", ""rename"": ""86897/321250"", ""strip"": ""11/50""}"
rename-heavy,hybrid,lexical,0.078063446970,16487/211200,0.104414186194,16487/157900,"{""mixed"": ""0.000000000000"", ""normalize"": ""0.104414186194"", ""random_flip"": ""0.240000000000"", ""rename"": ""0.435585813806"", ""strip"": ""0.220000000000""}","{""mixed"": ""0/1"", ""normalize"": ""16487/157900"", ""random_flip"": ""6/25"", ""rename"": ""68779/157900"", ""strip"": ""11/50""}"
rename-heavy,structural,hybrid,0.331870265152,70091/211200,0.429084787267,70091/163350,"{""mixed"": ""0.000000000000"", ""normalize"": ""0.429084787267"", ""random_flip"": ""0.240000000000"", ""rename"": ""0.110915212733"", ""strip"": ""0.220000000000""}","{""mixed"": ""0/1"", ""normalize"": ""70091/163350"", ""random_flip"": ""6/25"", ""rename"": ""9059/81675"", ""strip"": ""11/50""}"
structure-heavy,lexical,structural,0.411444128788,86897/211200,0.270496498054,86897/321250,"{""mixed"": ""0.000000000000"", ""normalize"": ""0.269503501946"", ""random_flip"": ""0.240000000000"", ""rename"": ""0.270496498054"", ""strip"": ""0.220000000000""}","{""mixed"": ""0/1"", ""normalize"": ""43289/160625"", ""random_flip"": ""6/25"", ""rename"": ""86897/321250"", ""strip"": ""11/50""}"
structure-heavy,lexical,hybrid,0.325658143939,68779/211200,0.435585813806,68779/157900,"{""mixed"": ""0.000000000000"", ""normalize"": ""0.104414186194"", ""random_flip"": ""0.240000000000"", ""rename"": ""0.435585813806"", ""strip"": ""0.220000000000""}","{""mixed"": ""0/1"", ""normalize"": ""16487/157900"", ""random_flip"": ""6/25"", ""rename"": ""68779/157900"", ""strip"": ""11/50""}"
structure-heavy,hybrid,structural,0.085785984848,9059/105600,0.110915212733,9059/81675,"{""mixed"": ""0.000000000000"", ""normalize"": ""0.429084787267"", ""random_flip"": ""0.240000000000"", ""rename"": ""0.110915212733"", ""strip"": ""0.220000000000""}","{""mixed"": ""0/1"", ""normalize"": ""70091/163350"", ""random_flip"": ""6/25"", ""rename"": ""9059/81675"", ""strip"": ""11/50""}"
