scheme,attack,severity,successes,trials,detection_rate,cp95_lower,cp95_upper
lexical,format,0.0,384,384,1.000000000000,0.990439537696,1.000000000000
lexical,format,0.1,384,384,1.000000000000,0.990439537696,1.000000000000
lexical,format,0.2,384,384,1.000000000000,0.990439537696,1.000000000000
lexical,format,0.3,384,384,1.000000000000,0.990439537696,1.000000000000
lexical,format,0.4,384,384,1.000000000000,0.990439537696,1.000000000000
lexical,format,0.5,384,384,1.000000000000,0.990439537696,1.000000000000
lexical,format,0.6,384,384,1.000000000000,0.990439537696,1.000000000000
lexical,format,0.7,384,384,1.000000000000,0.990439537696,1.000000000000
lexical,format,0.8,384,384,1.000000000000,0.990439537696,1.000000000000
lexical,format,0.9,384,384,1.000000000000,0.990439537696,1.000000000000
lexical,format,1.0,384,384,1.000000000000,0.990439537696,1.000000000000
lexical,rename,0.0,384,384,1.000000000000,0.990439537696,1.000000000000
lexical,rename,0.1,338,384,0.880208333333,0.843462655481,0.910948155129
lexical,rename,0.2,190,384,0.494791666667,0.443690305576,0.545973906944
lexical,rename,0.3,78,384,0.203125000000,0.164005396140,0.246890646045
lexical,rename,0.4,23,384,0.059895833333,0.038344004203,0.088520224197
lexical,rename,0.5,7,384,0.018229166667,0.007359701028,0.037196870978
lexical,rename,0.6,1,384,0.002604166667,0.000065929618,0.014423411930
lexical,rename,0.7,0,384,0.000000000000,0.000000000000,0.009560462304
lexical,rename,0.8,0,384,0.000000000000,0.000000000000,0.009560462304
lexical,rename,0.9,0,384,0.000000000000,0.000000000000,0.009560462304
lexical,rename,1.0,0,384,0.000000000000,0.000000000000,0.009560462304
lexical,normalize,0.0,384,384,1.000000000000,0.990439537696,1.000000000000
lexical,normalize,0.1,384,384,1.000000000000,0.990439537696,1.000000000000
lexical,normalize,0.2,384,384,1.000000000000,0.990439537696,1.000000000000
lexical,normalize,0.3,384,384,1.000000000000,0.990439537696,1.000000000000
lexical,normalize,0.4,384,384,1.000000000000,0.990439537696,1.000000000000
lexical,normalize,0.5,384,384,1.000000000000,0.990439537696,1.000000000000
lexical,normalize,0.6,384,384,1.000000000000,0.990439537696,1.000000000000
lexical,normalize,0.7,384,384,1.000000000000,0.990439537696,1.000000000000
lexical,normalize,0.8,384,384,1.000000000000,0.990439537696,1.000000000000
lexical,normalize,0.9,384,384,1.000000000000,0.990439537696,1.000000000000
lexical,normalize,1.0,384,384,1.000000000000,0.990439537696,1.000000000000
lexical,random_flip,0.0,384,384,1.000000000000,0.990439537696,1.000000000000
lexical,random_flip,0.1,189,384,0.492187500000,0.441109728560,0.543386590486
lexical,random_flip,0.2,38,384,0.098958333333,0.070984059112,0.133293907432
lexical,random_flip,0.3,0,384,0.000000000000,0.000000000000,0.009560462304
lexical,random_flip,0.4,0,384,0.000000000000,0.000000000000,0.009560462304
lexical,random_flip,0.5,0,384,0.000000000000,0.000000000000,0.009560462304
lexical,random_flip,0.6,0,384,0.000000000000,0.000000000000,0.009560462304
lexical,random_flip,0.7,0,384,0.000000000000,0.000000000000,0.009560462304
lexical,random_flip,0.8,0,384,0.000000000000,0.000000000000,0.009560462304
lexical,random_flip,0.9,0,384,0.000000000000,0.000000000000,0.009560462304
lexical,random_flip,1.0,0,384,0.000000000000,0.000000000000,0.009560462304
lexical,strip,0.0,384,384,1.000000000000,0.990439537696,1.000000000000
lexical,strip,0.1,384,384,1.000000000000,0.990439537696,1.000000000000
lexical,strip,0.2,380,384,0.989583333333,0.973545283655,0.997154719442
lexical,strip,0.3,340,384,0.885416666667,0.849241582791,0.915497971132
lexical,strip,0.4,188,384,0.489583333333,0.438530499975,0.540797925915
lexical,strip,0.5,54,384,0.140625000000,0.107439136218,0.179469730155
lexical,strip,0.6,5,384,0.013020833333,0.004240982903,0.030123196776
lexical,strip,0.7,0,384,0.000000000000,0.000000000000,0.009560462304
lexical,strip,0.8,0,384,0.000000000000,0.000000000000,0.009560462304
lexical,strip,0.9,0,384,0.000000000000,0.000000000000,0.009560462304
lexical,strip,1.0,0,384,0.000000000000,0.000000000000,0.009560462304
lexical,mixed,0.0,384,384,1.000000000000,0.990439537696,1.000000000000
lexical,mixed,0.1,273,384,0.710937500000,0.662786791811,0.755801747397
lexical,mixed,0.2,86,384,0.223958333333,0.183226160233,0.269004557332
lexical,mixed,0.3,23,384,0.059895833333,0.038344004203,0.088520224197
lexical,mixed,0.4,1,384,0.002604166667,0.000065929618,0.014423411930
lexical,mixed,0.5,0,384,0.000000000000,0.000000000000,0.009560462304
lexical,mixed,0.6,0,384,0.000000000000,0.000000000000,0.009560462304
lexical,mixed,0.7,0,384,0.000000000000,0.000000000000,0.009560462304
lexical,mixed,0.8,0,384,0.000000000000,0.000000000000,0.009560462304
lexical,mixed,0.9,0,384,0.000000000000,0.000000000000,0.009560462304
lexical,mixed,1.0,0,384,0.000000000000,0.000000000000,0.009560462304
structural,format,0.0,384,384,1.000000000000,0.990439537696,1.000000000000
structural,format,0.1,384,384,1.000000000000,0.990439537696,1.000000000000
structural,format,0.2,384,384,1.000000000000,0.990439537696,1.000000000000
structural,format,0.3,384,384,1.000000000000,0.990439537696,1.000000000000
structural,format,0.4,384,384,1.000000000000,0.990439537696,1.000000000000
structural,format,0.5,384,384,1.000000000000,0.990439537696,1.000000000000
structural,format,0.6,384,384,1.000000000000,0.990439537696,1.000000000000
structural,format,0.7,384,384,1.000000000000,0.990439537696,1.000000000000
structural,format,0.8,384,384,1.000000000000,0.990439537696,1.000000000000
structural,format,0.9,384,384,1.000000000000,0.990439537696,1.000000000000
structural,format,1.0,384,384,1.000000000000,0.990439537696,1.000000000000
structural,rename,0.0,384,384,1.000000000000,0.990439537696,1.000000000000
structural,rename,0.1,384,384,1.000000000000,0.990439537696,1.000000000000
structural,rename,0.2,384,384,1.000000000000,0.990439537696,1.000000000000
structural,rename,0.3,384,384,1.000000000000,0.990439537696,1.000000000000
structural,rename,0.4,384,384,1.000000000000,0.990439537696,1.000000000000
structural,rename,0.5,384,384,1.000000000000,0.990439537696,1.000000000000
structural,rename,0.6,384,384,1.000000000000,0.990439537696,1.000000000000
structural,rename,0.7,384,384,1.000000000000,0.990439537696,1.000000000000
structural,rename,0.8,384,384,1.000000000000,0.990439537696,1.000000000000
structural,rename,0.9,384,384,1.000000000000,0.990439537696,1.000000000000
structural,rename,1.0,384,384,1.000000000000,0.990439537696,1.000000000000
structural,normalize,0.0,384,384,1.000000000000,0.990439537696,1.000000000000
structural,normalize,0.1,325,384,0.846354166667,0.806329247533,0.880934077145
structural,normalize,0.2,180,384,0.468750000000,0.417945290260,0.520040014682
structural,normalize,0.3,80,384,0.208333333333,0.168795700775,0.252433819273
structural,normalize,0.4,23,384,0.059895833333,0.038344004203,0.088520224197
structural,normalize,0.5,7,384,0.018229166667,0.007359701028,0.037196870978
structural,normalize,0.6,3,384,0.007812500000,0.001614032199,0.022660548845
structural,normalize,0.7,0,384,0.000000000000,0.000000000000,0.009560462304
structural,normalize,0.8,0,384,0.000000000000,0.000000000000,0.009560462304
structural,normalize,0.9,0,384,0.000000000000,0.000000000000,0.009560462304
structural,normalize,1.0,0,384,0.000000000000,0.000000000000,0.009560462304
structural,random_flip,0.0,384,384,1.000000000000,0.990439537696,1.000000000000
structural,random_flip,0.1,192,384,0.500000000000,0.448855503702,0.551144496298
structural,random_flip,0.2,28,384,0.072916666667,0.048996638608,0.103662417127
structural,random_flip,0.3,5,384,0.013020833333,0.004240982903,0.030123196776
structural,random_flip,0.4,0,384,0.000000000000,0.000000000000,0.009560462304
structural,random_flip,0.5,0,384,0.000000000000,0.000000000000,0.009560462304
structural,random_flip,0.6,0,384,0.000000000000,0.000000000000,0.009560462304
structural,random_flip,0.7,0,384,0.000000000000,0.000000000000,0.009560462304
structural,random_flip,0.8,0,384,0.000000000000,0.000000000000,0.009560462304
structural,random_flip,0.9,0,384,0.000000000000,0.000000000000,0.009560462304
structural,random_flip,1.0,0,384,0.000000000000,0.000000000000,0.009560462304
structural,strip,0.0,384,384,1.000000000000,0.990439537696,1.000000000000
structural,strip,0.1,384,384,1.000000000000,0.990439537696,1.000000000000
structural,strip,0.2,382,384,0.994791666667,0.981313268450,0.999368623128
structural,strip,0.3,338,384,0.880208333333,0.843462655481,0.910948155129
structural,strip,0.4,188,384,0.489583333333,0.438530499975,0.540797925915
structural,strip,0.5,64,384,0.166666666667,0.130783158215,0.207783097749
structural,strip,0.6,6,384,0.015625000000,0.005755127098,0.033697240234
structural,strip,0.7,0,384,0.000000000000,0.000000000000,0.009560462304
structural,strip,0.8,0,384,0.000000000000,0.000000000000,0.009560462304
structural,strip,0.9,0,384,0.000000000000,0.000000000000,0.009560462304
structural,strip,1.0,0,384,0.000000000000,0.000000000000,0.009560462304
structural,mixed,0.0,384,384,1.000000000000,0.990439537696,1.000000000000
structural,mixed,0.1,285,384,0.742187500000,0.695369874078,0.785226942025
structural,mixed,0.2,85,384,0.221354166667,0.180815071452,0.266248705857
structural,mixed,0.3,6,384,0.015625000000,0.005755127098,0.033697240234
structural,mixed,0.4,2,384,0.005208333333,0.000631376872,0.018686731550
structural,mixed,0.5,1,384,0.002604166667,0.000065929618,0.014423411930
structural,mixed,0.6,0,384,0.000000000000,0.000000000000,0.009560462304
structural,mixed,0.7,0,384,0.000000000000,0.000000000000,0.009560462304
structural,mixed,0.8,0,384,0.000000000000,0.000000000000,0.009560462304
structural,mixed,0.9,0,384,0.000000000000,0.000000000000,0.009560462304
structural,mixed,1.0,0,384,0.000000000000,0.000000000000,0.009560462304
hybrid,format,0.0,384,384,1.000000000000,0.990439537696,1.000000000000
hybrid,format,0.1,384,384,1.000000000000,0.990439537696,1.000000000000
hybrid,format,0.2,384,384,1.000000000000,0.990439537696,1.000000000000
hybrid,format,0.3,384,384,1.000000000000,0.990439537696,1.000000000000
hybrid,format,0.4,384,384,1.000000000000,0.990439537696,1.000000000000
hybrid,format,0.5,384,384,1.000000000000,0.990439537696,1.000000000000
hybrid,format,0.6,384,384,1.000000000000,0.990439537696,1.000000000000
hybrid,format,0.7,384,384,1.000000000000,0.990439537696,1.000000000000
hybrid,format,0.8,384,384,1.000000000000,0.990439537696,1.000000000000
hybrid,format,0.9,384,384,1.000000000000,0.990439537696,1.000000000000
hybrid,format,1.0,384,384,1.000000000000,0.990439537696,1.000000000000
hybrid,rename,0.0,384,384,1.000000000000,0.990439537696,1.000000000000
hybrid,rename,0.1,365,384,0.950520833333,0.923808402764,0.969950965653
hybrid,rename,0.2,318,384,0.828125000000,0.786594895921,0.864506594706
hybrid,rename,0.3,243,384,0.632812500000,0.582420279072,0.681139827389
hybrid,rename,0.4,149,384,0.388020833333,0.339008504587,0.438773523185
hybrid,rename,0.5,80,384,0.208333333333,0.168795700775,0.252433819273
hybrid,rename,0.6,49,384,0.127604166667,0.095913386335,0.165169873143
hybrid,rename,0.7,17,384,0.044270833333,0.025997655951,0.069937272787
hybrid,rename,0.8,8,384,0.020833333333,0.009036241792,0.040635836980
hybrid,rename,0.9,8,384,0.020833333333,0.009036241792,0.040635836980
hybrid,rename,1.0,8,384,0.020833333333,0.009036241792,0.040635836980
hybrid,normalize,0.0,384,384,1.000000000000,0.990439537696,1.000000000000
hybrid,normalize,0.1,368,384,0.958333333333,0.933216503248,0.975999382535
hybrid,normalize,0.2,323,384,0.841145833333,0.800674166618,0.876257518373
hybrid,normalize,0.3,235,384,0.611979166667,0.561226476815,0.660991495413
hybrid,normalize,0.4,165,384,0.429687500000,0.379582820981,0.480884399669
hybrid,normalize,0.5,84,384,0.218750000000,0.178406346032,0.263490519425
hybrid,normalize,0.6,55,384,0.143229166667,0.109756783715,0.182317483964
hybrid,normalize,0.7,23,384,0.059895833333,0.038344004203,0.088520224197
hybrid,normalize,0.8,13,384,0.033854166667,0.018146713459,0.057195939843
hybrid,normalize,0.9,12,384,0.031250000000,0.016249503952,0.053950810993
hybrid,normalize,1.0,12,384,0.031250000000,0.016249503952,0.053950810993
hybrid,random_flip,0.0,384,384,1.000000000000,0.990439537696,1.000000000000
hybrid,random_flip,0.1,194,384,0.505208333333,0.454026093056,0.556309694424
hybrid,random_flip,0.2,27,384,0.070312500000,0.046844600445,0.100654457360
hybrid,random_flip,0.3,0,384,0.000000000000,0.000000000000,0.009560462304
hybrid,random_flip,0.4,0,384,0.000000000000,0.000000000000,0.009560462304
hybrid,random_flip,0.5,0,384,0.000000000000,0.000000000000,0.009560462304
hybrid,random_flip,0.6,0,384,0.000000000000,0.000000000000,0.009560462304
hybrid,random_flip,0.7,0,384,0.000000000000,0.000000000000,0.009560462304
hybrid,random_flip,0.8,0,384,0.000000000000,0.000000000000,0.009560462304
hybrid,random_flip,0.9,0,384,0.000000000000,0.000000000000,0.009560462304
hybrid,random_flip,1.0,0,384,0.000000000000,0.000000000000,0.009560462304
hybrid,strip,0.0,384,384,1.000000000000,0.990439537696,1.000000000000
hybrid,strip,0.1,384,384,1.000000000000,0.990439537696,1.000000000000
hybrid,strip,0.2,382,384,0.994791666667,0.981313268450,0.999368623128
hybrid,strip,0.3,334,384,0.869791666667,0.831961680559,0.901790140249
hybrid,strip,0.4,208,384,0.541666666667,0.490371431877,0.592314796227
hybrid,strip,0.5,50,384,0.130208333333,0.098209859751,0.168038319441
hybrid,strip,0.6,5,384,0.013020833333,0.004240982903,0.030123196776
hybrid,strip,0.7,1,384,0.002604166667,0.000065929618,0.014423411930
hybrid,strip,0.8,0,384,0.000000000000,0.000000000000,0.009560462304
hybrid,strip,0.9,0,384,0.000000000000,0.000000000000,0.009560462304
hybrid,strip,1.0,0,384,0.000000000000,0.000000000000,0.009560462304
hybrid,mixed,0.0,384,384,1.000000000000,0.990439537696,1.000000000000
hybrid,mixed,0.1,260,384,0.677083333333,0.627780861904,0.723629775788
hybrid,mixed,0.2,80,384,0.208333333333,0.168795700775,0.252433819273
hybrid,mixed,0.3,13,384,0.033854166667,0.018146713459,0.057195939843
hybrid,mixed,0.4,1,384,0.002604166667,0.000065929618,0.014423411930
hybrid,mixed,0.5,0,384,0.000000000000,0.000000000000,0.009560462304
hybrid,mixed,0.6,0,384,0.000000000000,0.000000000000,0.009560462304
hybrid,mixed,0.7,0,384,0.000000000000,0.000000000000,0.009560462304
hybrid,mixed,0.8,0,384,0.000000000000,0.000000000000,0.009560462304
hybrid,mixed,0.9,0,384,0.000000000000,0.000000000000,0.009560462304
hybrid,mixed,1.0,0,384,0.000000000000,0.000000000000,0.009560462304
