mixture,scheme,median_score,lower_95,upper_95,winner_probability
balanced,lexical,0.395691287879,0.393513257576,0.397821969697,0.666400000000
balanced,structural,0.395028409091,0.392092803030,0.397916666667,0.333600000000
balanced,hybrid,0.302746212121,0.300189393939,0.305350378788,0.000000000000
rename-heavy,lexical,0.255542140152,0.252438328598,0.258783262311,0.000000000000
rename-heavy,structural,0.665525568182,0.663991477273,0.666983901515,1.000000000000
rename-heavy,hybrid,0.333676609848,0.327371567235,0.340028645833,0.000000000000
structure-heavy,lexical,0.665071022727,0.663579427083,0.666524621212,1.000000000000
structure-heavy,structural,0.253816287879,0.247087831439,0.259356178977,0.000000000000
structure-heavy,hybrid,0.339521780303,0.333327769886,0.344839133523,0.000000000000
