relative_path,sha256,bytes,producer_command,recheck_status
derived/attack_family_means.csv,dc56d166c9841e1488ce29c8baa5e86849b526f603f2c2d63ede319d13e51c88,604,python run_all.py --out results,VERIFIED
derived/context_holdouts.csv,2e963b181b2363c5f619743cb7edde7893d66320cda2ea63cb2c01d2c44838cb,25260,python run_all.py --out results,VERIFIED
derived/context_sensitivity_summary.json,4f46f2aa659e278fb481e9630e4eef0cf155b78cd6ce7f411e3f62a2dcb7f7da,6894,python run_all.py --out results,VERIFIED
derived/contextual_semantic_proxy_auc.csv,5fd501674902a74fbc0be481d4a25e5851247cf072f30feda71c52ad1f941ce0,20132,python run_all.py --out results,VERIFIED
derived/cross_language_metric_agreement.csv,e37fa068374ac953c86c8d2a9cb22231c11b5a718422ab29556832bfefc56efb,742,python run_all.py --out results,VERIFIED
derived/curve_thresholds.csv,f1188af49eafb71c0c1a8ec01f8d38eff8c1cb2d96f47a92dbdabc779ce7f019,531,python run_all.py --out results,VERIFIED
derived/decision_functional_sensitivity.csv,2c3c7d81fbe12cb84dc8065710f53e10167cb3d56dcd849e594a3b189997612f,922,python run_all.py --out results,VERIFIED
derived/decision_functional_sensitivity.json,d25b94c9ab786b5bfad5652007cd46b9bb48be90cb8b8a7721e7f2819518900f,330,python run_all.py --out results,VERIFIED
derived/duplication_sensitivity.csv,bf5e615a91bfa5a51e3fc810c3e1b960a3aeee25af1bbd61e5841bebf47b510a,355,python run_all.py --out results,VERIFIED
derived/external_protocol_rankings.csv,18cddcfb2081b7efed9f46b21de36a6fcaf09d6a0e60c6638f9d79854049cc8f,1297,python run_all.py --out results,VERIFIED
derived/external_protocol_replay.csv,e3668e10d9f6f28386f31fe1ec4b3c6280368d0bce0d7b264aa0e273d1a150ca,785,python run_all.py --out results,VERIFIED
derived/external_protocol_replay_summary.json,7922834b43e85938efbfea0fcfe04c3dab2b28f018bec17f6f2697dcc5e9b346,1429,python run_all.py --out results,VERIFIED
derived/false_positive_summary.json,f64268b03aa6aeec56b673b785893fd5a540d5a9ad0a0dd9cd6cb18f303f66e1,678,python run_all.py --out results,VERIFIED
derived/formal_witnesses.json,e39d6bd902dca735624d02e61f799fbe41b09782ed7f649fdf23108f86388aa4,3775,python run_all.py --out results,VERIFIED
derived/intervention_models.csv,9ce7a75e750612fdea15856e2ac46eccd262787093b053a8e3bff52aa3f5b476,1598,python run_all.py --out results,VERIFIED
derived/metric_rank_correlations.csv,7847d34f5e463dd48683c346995d014197c30fdb4e99eccd0f8ca155409aeebd,3249,python run_all.py --out results,VERIFIED
derived/mixture_ambiguity_envelopes.csv,b76c25f703e3b0dcbd56aa3faa159a5eb2d92a3f8de0437f6c02316cfcf33d18,4567,python run_all.py --out results,VERIFIED
derived/mixture_ambiguity_summary.json,186d0e2b9b37ab81b3513be4f5f0c6e7eafa627d551f1f9baab4b6f87abb2bf4,8361,python run_all.py --out results,VERIFIED
derived/mixture_frontier.csv,7eb8023a31bc3f3cd94cdb00608edce34b54309876effc9a1f0877f82a0c0189,6069,python run_all.py --out results,VERIFIED
derived/mixture_robust_winner_sets.csv,d401409a6a1ab2e6e62583ed46639e816b0c1ca1c3df7fafe74db237d4c25de2,657,python run_all.py --out results,VERIFIED
derived/mixture_scores.csv,39531f50d2000b07d50b61a56ec2c36f0b3e33ddce21fb290c81e2ff81d747d3,371,python run_all.py --out results,VERIFIED
derived/pairwise_mixture_stability.csv,00769c465374199717e534f755a7fbcf5ffc1476d61f021d822f95a53d860834,3585,python run_all.py --out results,VERIFIED
derived/project_transfer_leave_one_project.csv,db1a751973bb7b2e4809f5549c2e498efd583357c05918b7a3b651d630ca8d19,803,python run_all.py --out results,VERIFIED
derived/project_transfer_size_strata.csv,c8fc010b2e0d4851a709a12052ee7fab4ddd475abb4b3c5ca01946a9f45f7208,147,python run_all.py --out results,VERIFIED
derived/project_transfer_summary.csv,d621bd4c70296ad96654f65b602a35bcc18a7c06d87901fd87b88760cff4ecf3,638,python run_all.py --out results,VERIFIED
derived/project_transfer_summary.json,8a174980b10495b285ac7950bac573768a811664b50a5554cca46fb42e3a28f6,2469,python run_all.py --out results,VERIFIED
derived/response_curves.csv,563ba30fceacb1d4a078e130ee63651771cb489f8d7eeb5c780a72759dc00c65,14487,python run_all.py --out results,VERIFIED
derived/semantic_proxy_auc.csv,687c58fe24cadc0ef124c31585e2d1ce116c148036d99f561088d7e5a792dc6e,376,python run_all.py --out results,VERIFIED
derived/task_cluster_bootstrap.csv,7c654ec69ccd7eaa76e8de17140c01e617705375245c2d6e781a8ca57b6582da,2360065,python run_all.py --out results,VERIFIED
derived/task_cluster_bootstrap_gaps.csv,bfe8f18bc548afd8d1e337c1cf88f9654a4accfa0102461e86f1cbeb62f4899b,2256725,python run_all.py --out results,VERIFIED
derived/task_cluster_bootstrap_summary.csv,de62cdee6077041aa5ac63dcc31ddaa234e9d1267cc70baa98c7569e138e9bc3,797,python run_all.py --out results,VERIFIED
environment.json,97516740745c00a6eba6068cdeff2976f39a1fe93046ffc74d8603eb6ba1a644,339,python run_all.py --out results,VERIFIED
programs/javascript/armstrong/mutant_1.js,2fef82588b30455e2204e7bff7f1b963a3293e2aa5cd8781cc6776ade14f4fc8,126,python run_all.py --out results,VERIFIED
programs/javascript/armstrong/mutant_2.js,a822de7f525f25f8e1deca0cbbdb3dc7362cf50a9a79c5625559fbeb3239d044,173,python run_all.py --out results,VERIFIED
programs/javascript/armstrong/mutant_3.js,81bef92ddeb8a0970d8fd942d2efe3c7db7e500bfe5533b1f37666360c6fbd44,165,python run_all.py --out results,VERIFIED
programs/javascript/armstrong/reference.js,940ff9b20765ff8abfa0f907c24612cb648981d121427a521fc1dcebcba053bf,162,python run_all.py --out results,VERIFIED
programs/javascript/collatz_steps/mutant_1.js,a367c8ab067af367829cb7b08eba3b318b97b2b31b943bbce6b8bfb25683ed9a,196,python run_all.py --out results,VERIFIED
programs/javascript/collatz_steps/mutant_2.js,cac88ea216af6f52501a35962cedca9fc29fcac4a76015fe554c141d4fd4ac22,232,python run_all.py --out results,VERIFIED
programs/javascript/collatz_steps/mutant_3.js,116d806d76211c9612deffe1fe68bdb1935a612d0f2f4508d26d73683320d8c1,196,python run_all.py --out results,VERIFIED
programs/javascript/collatz_steps/reference.js,c87068100dca25e778d3e9605e819715e466d62ad9d57cb03ff16db6296be2a1,197,python run_all.py --out results,VERIFIED
programs/javascript/darts/mutant_1.js,f5620c1638ed8a3387936b0eb18d18950dae0b26b511d3d151bb63042e3f7da2,163,python run_all.py --out results,VERIFIED
programs/javascript/darts/mutant_2.js,5916263ddd595d064352045e771cdbd45c9cdd9c975ba633b12b91d9f025729c,164,python run_all.py --out results,VERIFIED
programs/javascript/darts/mutant_3.js,108bf51e1a58cad6324f62ba99ffad314db5930c42bf6b57c71ed2e4adf2a1f9,163,python run_all.py --out results,VERIFIED
programs/javascript/darts/reference.js,6475f0ce99037c7a9ceefb35e2911f577b2b488c0b663d681a1b03001552f28c,165,python run_all.py --out results,VERIFIED
programs/javascript/grains/mutant_1.js,581a5c1ceb2da430ca048be85aa4b48c87fcf90e5dba5a4875fbbe1ff29538f4,71,python run_all.py --out results,VERIFIED
programs/javascript/grains/mutant_2.js,195c3a793e86fcdcad74b935cb212cf10d369547a6f3b8af18ba1a1070db6080,75,python run_all.py --out results,VERIFIED
programs/javascript/grains/mutant_3.js,66a4952d17bc6b20a8a7eef43983b0dae3741460b88389d2f6b9959f9b53dd3b,78,python run_all.py --out results,VERIFIED
programs/javascript/grains/reference.js,de30ea55c5250f66c74a95c9e12a5831307ad207024a5d6b5f126c9167ae3c1b,76,python run_all.py --out results,VERIFIED
programs/javascript/hamming/mutant_1.js,0b0c854f4dda372d3641d161e68f8a54ea2c1d157c3ea8b6eb9cc25738c8ef6a,217,python run_all.py --out results,VERIFIED
programs/javascript/hamming/mutant_2.js,a1cbb7f7a1577a754b7f5aac8ee7a56f167f9963bea68585244774e6a0b699ad,194,python run_all.py --out results,VERIFIED
programs/javascript/hamming/mutant_3.js,eaeb8ed676a79bd4ec51b2a54a069024d847683da866ced5482cb1c664fee263,217,python run_all.py --out results,VERIFIED
programs/javascript/hamming/reference.js,6b390096701b3e3b488b4855a482e84bd37e735fe848158fb215592f7b1b2cb5,218,python run_all.py --out results,VERIFIED
programs/javascript/isogram/mutant_1.js,892753a0817c638c8ac65c294195c09337064f51e5984421a6295e1cd84da53f,207,python run_all.py --out results,VERIFIED
programs/javascript/isogram/mutant_2.js,6bbeb9e31fe8cfd29b5a879a9d227a014a657c0987e8c2c3465e27f0080a5e77,151,python run_all.py --out results,VERIFIED
programs/javascript/isogram/mutant_3.js,97bfcb967d302a4a0e1776619476457be846c74cdb1c33f2294575a61b56e3d3,161,python run_all.py --out results,VERIFIED
programs/javascript/isogram/reference.js,04b8b441f45473b4e26c0d761833097f7b6e199bb6eb8cc2d73fe4404a07186c,149,python run_all.py --out results,VERIFIED
programs/javascript/leap_year/mutant_1.js,72a2bee1977e81a4b9e3f29d6ff774ab013d286eeb06eb314985af81d2892503,92,python run_all.py --out results,VERIFIED
programs/javascript/leap_year/mutant_2.js,827db4255d03cc76727f818556aa47504f2757e89db4f45634bdaebf67f85c49,50,python run_all.py --out results,VERIFIED
programs/javascript/leap_year/mutant_3.js,9cb6636a0595e2f021154b40867f00d66154cfb26cc93259eba3ba6654765c1e,90,python run_all.py --out results,VERIFIED
programs/javascript/leap_year/reference.js,2fc49f31341ce6109e100cf2d99ebd8347305938d45bb46fcd3d5c4d1bd938fb,93,python run_all.py --out results,VERIFIED
programs/javascript/luhn/mutant_1.js,d2ddaf6154a46fb5fea6c3c99106f11e809b90c17e35c8d05dabce12a7cdbaac,403,python run_all.py --out results,VERIFIED
programs/javascript/luhn/mutant_2.js,654dc58f1f7a0b8cba9f7932f6a6e969f0167b4a9dbd0ac99a87c51d897bca0a,295,python run_all.py --out results,VERIFIED
programs/javascript/luhn/mutant_3.js,09c0bfb9afa978a157708105ebec36f9da1a5a3ede1d3fdcbb9c62f162c93c1d,397,python run_all.py --out results,VERIFIED
programs/javascript/luhn/reference.js,b90d8f550a3c181339378595682844201517c90822486f5c044df50e0ba2fb01,398,python run_all.py --out results,VERIFIED
programs/javascript/nucleotide_count/mutant_1.js,c394d5861149ef92dc06cbfa5db00dbd463aa4bf22b8faf11595a87ed25c472d,153,python run_all.py --out results,VERIFIED
programs/javascript/nucleotide_count/mutant_2.js,171db30e12c50863acbebca1c4d65b3c7832e054df49369d49b43d689f59c967,131,python run_all.py --out results,VERIFIED
programs/javascript/nucleotide_count/mutant_3.js,4dd5cc48ff782b231067aa7c33340356671e8e7a23a2188f9cfdb52da1a5b212,162,python run_all.py --out results,VERIFIED
programs/javascript/nucleotide_count/reference.js,660799d4c0b2fe2d3e07ad3ced526c60a99b90756e688fd59b842af2a9834024,117,python run_all.py --out results,VERIFIED
programs/javascript/raindrops/mutant_1.js,4ef0c50d5802ed54b5cef28f93feee736feea498501d806add062fd0020cc81f,175,python run_all.py --out results,VERIFIED
programs/javascript/raindrops/mutant_2.js,4f0b8304b47108cb5be100e5b7bb8ac706347796f5f4eb52da7cc45408bcf828,157,python run_all.py --out results,VERIFIED
programs/javascript/raindrops/mutant_3.js,cd1353783232796952f56ba352460254e888cbb653f76609fec9769c191c888f,139,python run_all.py --out results,VERIFIED
programs/javascript/raindrops/reference.js,792aa2cef499b3ed2f4ac049f3fc8e8f587a3b54dbd4394cc7cfa2c020ceb426,176,python run_all.py --out results,VERIFIED
programs/javascript/reverse_text/mutant_1.js,1f325c9f4ec78f953b52b32df332993eddaef47fa9eecdffe31d58322b02c5f6,40,python run_all.py --out results,VERIFIED
programs/javascript/reverse_text/mutant_2.js,f758ebd01bab6a6430d04d1b48d2aa994554e1b77744f0899e6a754d93022342,77,python run_all.py --out results,VERIFIED
programs/javascript/reverse_text/mutant_3.js,0133a5fc06171fba146eb5b10c40e26b07d82e6ceac0d091bf1e5440807a2d9d,71,python run_all.py --out results,VERIFIED
programs/javascript/reverse_text/reference.js,877427a4705590b55212e20c20eb2e8ebc9af2ce8521f3756d70a696e63cf8be,65,python run_all.py --out results,VERIFIED
programs/javascript/triangle/mutant_1.js,4fce5ab8d202f64693192a49025cdd4998079da512e156883ba2a0a24829a71a,240,python run_all.py --out results,VERIFIED
programs/javascript/triangle/mutant_2.js,998cbeeff3328949ac46fd7dc944551b3775ee246bfa83d0f7ab0a0985f9c5ac,221,python run_all.py --out results,VERIFIED
programs/javascript/triangle/mutant_3.js,791979bce58cfcb31c7c1318dcaf67444a3910f64c4a98e5fb9c059f69205466,232,python run_all.py --out results,VERIFIED
programs/javascript/triangle/reference.js,ca807e5be238fc82b2a7ea62f52531c8f89dde0f3ff3dd40cc6ca7f8d2c627ac,244,python run_all.py --out results,VERIFIED
programs/python/armstrong/mutant_1.py,11e9f534268873564259e7c88e520c686aa561186691cb4f9663f952ff70ff75,96,python run_all.py --out results,VERIFIED
programs/python/armstrong/mutant_2.py,11b8dac359afbc97c74f3123c8e3a59c146d461851e99c344771b63a204ad6fe,135,python run_all.py --out results,VERIFIED
programs/python/armstrong/mutant_3.py,062d289e6e24173b84aa0d929181c19e3622aca7cf50e533c69a21f23615739c,128,python run_all.py --out results,VERIFIED
programs/python/armstrong/reference.py,b32014b032728103e942b6b7531ca7876f23ea8d955ff541331ff7f7254fb40a,125,python run_all.py --out results,VERIFIED
programs/python/collatz_steps/mutant_1.py,845b49ac215df50edb3f17a3521518cd214cfa237ddf4236b63207d6b091686f,194,python run_all.py --out results,VERIFIED
programs/python/collatz_steps/mutant_2.py,6a367db91d4fd4c1425ae5cc33559d90017a56e65462a59bf6c2ee3124f2c592,222,python run_all.py --out results,VERIFIED
programs/python/collatz_steps/mutant_3.py,7d30bef026d50a80f4baa2443fb503b159a809a8847f003d7bea30591203df08,194,python run_all.py --out results,VERIFIED
programs/python/collatz_steps/reference.py,19bb169211c116f5b23cfe2e6ff13bd5bfc9758321a78a2c70ac137bcb63c5c0,195,python run_all.py --out results,VERIFIED
programs/python/darts/mutant_1.py,2e3f190e613b496961641c0667722880828e66e4ced20502b57bf1b7b9c98e54,175,python run_all.py --out results,VERIFIED
programs/python/darts/mutant_2.py,a329d0979466e269013dc2f532226699260f2d559203de2e35832bb29249553f,176,python run_all.py --out results,VERIFIED
programs/python/darts/mutant_3.py,f4f1d5881e6c6bb113ba005b70dd261c9ca37fb51e6a43cfe7cf99816ede1410,175,python run_all.py --out results,VERIFIED
programs/python/darts/reference.py,079ef0ed60cc93ed4344bef6aaace9f5323aad041aae4fbd19489abf1a64fa3f,177,python run_all.py --out results,VERIFIED
programs/python/grains/mutant_1.py,69249c21af4256761f1ee70d3cb19f6a260eeb8c3c2c5ae3979346ae941d74a0,47,python run_all.py --out results,VERIFIED
programs/python/grains/mutant_2.py,8bdfa765b826db44126f1776931824a485ea97014cb6d525621398bf1641cd18,53,python run_all.py --out results,VERIFIED
programs/python/grains/mutant_3.py,e2fa65d785e667170308fb4d1b61d9a15a3a6b883e0034f596bc95824730c987,53,python run_all.py --out results,VERIFIED
programs/python/grains/reference.py,2a2da3a077e577ae73f35d885d1184a906e194417cc5907ab419a2c84b8843c3,54,python run_all.py --out results,VERIFIED
programs/python/hamming/mutant_1.py,48f1e5ecebe50102e4a2f3802aefbb6b3096b513e8ab1460d33837f72f625147,143,python run_all.py --out results,VERIFIED
programs/python/hamming/mutant_2.py,357d19b059268c85a90dded27df05b9060931aea721aae5edef8f85ddd656eb9,76,python run_all.py --out results,VERIFIED
programs/python/hamming/mutant_3.py,df645111721203fdcf6afb46cf7ddcc6ca6546fe4699909745bd9461a41e3580,147,python run_all.py --out results,VERIFIED
programs/python/hamming/reference.py,76dece00558038734cbd8c37485e7bd2ed949676b21b30dcaf2878d30630879f,144,python run_all.py --out results,VERIFIED
programs/python/isogram/mutant_1.py,4693f71de0200b1171253d872d0b3d446adc76516f3c4405bc9111755cd0f31b,149,python run_all.py --out results,VERIFIED
programs/python/isogram/mutant_2.py,6d07d6510e915f5c3da8c11a3c664a8db97aa37eccacbabd4b30e2f4c2ef0bd4,121,python run_all.py --out results,VERIFIED
programs/python/isogram/mutant_3.py,cabe0c2afea97240d48e43e9ceff8dc3541407c207349bf31bc6d597395abaf5,127,python run_all.py --out results,VERIFIED
programs/python/isogram/reference.py,e8af689dfd7f834f153b07e3d0ac6b6bf7aada0e28abfa6cdaa623232dcf207e,118,python run_all.py --out results,VERIFIED
programs/python/leap_year/mutant_1.py,8fc50730d7bc400d34af2557e9586902f992db24bf824e9811b9e1baab8219e2,83,python run_all.py --out results,VERIFIED
programs/python/leap_year/mutant_2.py,7742843751f417f3bcc7c64e3ef5c93d6e9d0f89aaa3c4806670e0c04a59174f,42,python run_all.py --out results,VERIFIED
programs/python/leap_year/mutant_3.py,5334dd6d715f817f7312fc78b2daa4453f40d78f2577661c59a10612d487f2b1,82,python run_all.py --out results,VERIFIED
programs/python/leap_year/reference.py,cac90ae1836c94ecd12a598d7fbf2557803705905d08baf18932118e9644874a,84,python run_all.py --out results,VERIFIED
programs/python/luhn/mutant_1.py,77ad62787e258423e671d8b6e9789b8fabecf34e85fce516dd2857d5231a4c2c,378,python run_all.py --out results,VERIFIED
programs/python/luhn/mutant_2.py,f6dbf544fa58f733f2c09a0c27e88e993f20f4c1811c27197793dae518694330,276,python run_all.py --out results,VERIFIED
programs/python/luhn/mutant_3.py,7caae6fb2947aa23baa0269793706dbebf6f1f72a8fd17eb960c89dec8139e2b,372,python run_all.py --out results,VERIFIED
programs/python/luhn/reference.py,603d1ede5b8538bc9bdf7072f46ee9698d4b18e539a2f333d8417136f13600e7,373,python run_all.py --out results,VERIFIED
programs/python/nucleotide_count/mutant_1.py,ca1c7c62778ecb8591d9067b696870f2a145a33722067eae11a76344f30f310b,117,python run_all.py --out results,VERIFIED
programs/python/nucleotide_count/mutant_2.py,da109cdd400c327ca41c6b108fb5bce5762ef82037241eaea02e421c369238b7,103,python run_all.py --out results,VERIFIED
programs/python/nucleotide_count/mutant_3.py,3f053ee40bb4832aaab1e27b9ae404bf4cc76f3e74bc2d2ec5255a0cc6a9de09,121,python run_all.py --out results,VERIFIED
programs/python/nucleotide_count/reference.py,b96760f9e4f721abe9b927796c49b062452de7e3a804925d6621d8b2d9bdf6ec,73,python run_all.py --out results,VERIFIED
programs/python/raindrops/mutant_1.py,71c5a383a95f1d39ab095338200beeaae06131e8a9456891d94fe2747b57ce08,183,python run_all.py --out results,VERIFIED
programs/python/raindrops/mutant_2.py,b07dffedcf619f815f75f4403fae17309894eb5d222f19712e0f0401da9402e2,162,python run_all.py --out results,VERIFIED
programs/python/raindrops/mutant_3.py,680d0d702a2bed684a49d56176967fb83278a59c16bdfff0d5c6a0cf6c00e446,140,python run_all.py --out results,VERIFIED
programs/python/raindrops/reference.py,e4d520d95ed675c3e279b4f9a79684839324646bae3a077f53af620bf0b7bc5a,184,python run_all.py --out results,VERIFIED
programs/python/reverse_text/mutant_1.py,d5041747c0c557f0beb4cc97dfb708188f4b345e08d982bc4e2246b1170cbac5,33,python run_all.py --out results,VERIFIED
programs/python/reverse_text/mutant_2.py,93a5e2b79a9493a616bf238807206c5b9befde80621f955b3c8a9d1af6c9e1e9,59,python run_all.py --out results,VERIFIED
programs/python/reverse_text/mutant_3.py,1c0009646f75a97878727e12b987b8057d4ff7bdc448dc5ee4da187a57c7d457,64,python run_all.py --out results,VERIFIED
programs/python/reverse_text/reference.py,5786610beba032e68c402d7141c77b2e6717be89873fb6ae2301bef4729574ca,40,python run_all.py --out results,VERIFIED
programs/python/triangle/mutant_1.py,37505f73d3221e94e2ccdb3a4f2691cf94adc22e9d4098800c61d04262062881,242,python run_all.py --out results,VERIFIED
programs/python/triangle/mutant_2.py,b79f30d2570a7dac43e7d994aa27a1f37cb6822fbc8522ba0c9f03e7b5ff025c,225,python run_all.py --out results,VERIFIED
programs/python/triangle/mutant_3.py,50f5197af9080341b0ac0c5192f9ebb2c6b53876eab75145f21a8bef8843bf48,240,python run_all.py --out results,VERIFIED
programs/python/triangle/reference.py,1c64413bcfe01b68d729b9c04204fb788e9a3e43d1b547032b9af847030d09ef,246,python run_all.py --out results,VERIFIED
raw/cross_language_parity.csv,c0c23251c5960a190882579641a39826fcd10d0f8d6dd8a8a228656b1febb4bf,1845,python run_all.py --out results,VERIFIED
raw/diagnostic_pairs.csv,765aec9442c3758ec1f9f294994282eb342ec68cfdf5ae8acccbf3db5c318c60,109230,python run_all.py --out results,VERIFIED
raw/metric_interventions.csv,ae0167e89422ce0219f50dec2030c890022c94e976207b10136dd6834bab2612,380428,python run_all.py --out results,VERIFIED
raw/mutants.csv,88eb06945b2ca598df3d15e5f687189c073fd1c72f8339c96edf1b37210e8fcd,10809,python run_all.py --out results,VERIFIED
raw/project_transfer.csv,a8334a257bb6f2dc0f161c8c14156b2af866f79a3fdfb0cb71b96401fd436319,105574,python run_all.py --out results,VERIFIED
raw/robustness.csv,f42970e2dd73f1fb790a5697be032e835ba1686df97bf80843fbe46427ca368c,9465577,python run_all.py --out results,VERIFIED
raw/robustness_shard_0.csv,794ab607b75898f6d60c8c5545190d3cbcb90216a5fe1f6d696a150a8cb0680b,4718612,python run_all.py --out results,VERIFIED
raw/robustness_shard_1.csv,676d3e1fba389a8c30188abd5784c8ab171d0c59215db8d5a6b9a32aaa984fb0,4747150,python run_all.py --out results,VERIFIED
raw/semantic_audit.csv,941ee8f5aec0832103b9fd91c5c5ba7bd97a6c2f85d88695e7cb1bbb1e19e80e,114816,python run_all.py --out results,VERIFIED
summary.json,bcc250776c4877280462340a2ff9ab5ef371033b248319eb3aadbca741daa64c,8472,python run_all.py --out results,VERIFIED
task_cards/armstrong.json,407aaf63582aafa4cf06fc34fe4e7238dee374427659004df6fbdc98a2f05ca1,776,python run_all.py --out results,VERIFIED
task_cards/collatz_steps.json,8ab0d7c4a71866c1bd9eb215919924701e9d1c0873ced7aaf87725dc2f38ef57,766,python run_all.py --out results,VERIFIED
task_cards/darts.json,5d3238f56a6fcbc3879fce3cce7ec7c3e0dae7bc6dd483e02ec3ee4d8372f3c3,806,python run_all.py --out results,VERIFIED
task_cards/grains.json,f3579759b48c8370c178de1d52d4447044272badc14db16a1998c9b5e9458720,740,python run_all.py --out results,VERIFIED
task_cards/hamming.json,b63a0f23c90c4281df5c12b5a09e444f22cb138f2969a41df17255d1d8c05c51,840,python run_all.py --out results,VERIFIED
task_cards/isogram.json,3886cbd9a1896498349889aa45228d6378b4156d84e427cb243019a501959512,736,python run_all.py --out results,VERIFIED
task_cards/leap_year.json,17c4c5cde33ed81a5961de7a4c631911a73835a337d7a401e464dc8c13b74bf8,796,python run_all.py --out results,VERIFIED
task_cards/luhn.json,1f9e1ecd2a0a08fec3ad06102cec9c3868edb6d32955843fcd70ba51f87ed923,783,python run_all.py --out results,VERIFIED
task_cards/nucleotide_count.json,1498bf5ef6e6c610c80f0177969301f0c6cacd858a3d10c16a39bb77db156563,748,python run_all.py --out results,VERIFIED
task_cards/raindrops.json,2f4d10aa848cd0ec7f4ae9542aee0e25e9e6131625963d0552e8a809634a8952,732,python run_all.py --out results,VERIFIED
task_cards/reverse_text.json,a00b1ccd512a42e307533badb2f41526b85fe3f616d3286de7d30ffc814ef8b0,774,python run_all.py --out results,VERIFIED
task_cards/triangle.json,1f3b79549b588e62567a313e2dc372890b22203b2ddf9e8dfad021c29f6546d4,890,python run_all.py --out results,VERIFIED
