response,beta_format_fraction,beta_lexical_fraction,beta_structural_fraction,beta_deletion_fraction,r_squared,response_mean,response_scale
character_distortion,0.15695261475214567,0.05166521092691326,0.03712238974774387,-0.761080116692454,0.6509218505245091,0.7256171407382708,0.21203681523351872
token_distortion,0.03020334667461727,0.022120305249040878,-0.03434316768526896,-0.7328363648060471,0.541191330412262,0.5042693566053007,0.19138563696127617
identifier_normalized_distortion,0.03020334667461727,0.022120305249040878,-0.03434316768526896,-0.7328363648060471,0.541191330412262,0.5042693566053007,0.19138563696127617
ast_type_distortion,0.04156621060569381,0.03003397167670796,-0.04826328409225221,-0.7520351089561642,0.5725328328595907,0.6268341971816759,0.20903302645464167
control_profile_distortion,0.019276783506027212,0.013974943496492837,0.013974943496492843,-0.27045131193977834,0.07733787329147157,0.5027059736975272,0.4010435354873608
identifier_multiset_distortion,0.038897706652516045,0.028837148142345143,-0.21563025483832565,-0.5992807832874713,0.37768243177973193,0.510161180383724,0.23372105176905933
identifier_style_distortion,0.033390960722352286,0.02970791126324275,-0.14395796916304687,-0.5336636142627332,0.2922892654343807,0.4479969099717131,0.2287804685047142
carrier_retention,1.1102230246251565e-16,1.6653345369377348e-16,1.6653345369377348e-16,-0.9999999999999992,1.0,0.8194444444444444,0.29820709102199844
payload_match_rate,0.072780656430778,-0.26199354961667515,-0.24798557665514806,-0.5707111988849104,0.3544022221702011,0.8496120541838134,0.2546064304041924
