left_metric,right_metric,spearman
character_distortion,character_distortion,1.000000000000
character_distortion,token_distortion,0.914959476369
character_distortion,identifier_normalized_distortion,0.914959476369
character_distortion,ast_type_distortion,0.918053196589
character_distortion,control_profile_distortion,0.467645945745
character_distortion,identifier_multiset_distortion,0.769326298272
character_distortion,identifier_style_distortion,0.670915115283
token_distortion,character_distortion,0.914959476369
token_distortion,token_distortion,1.000000000000
token_distortion,identifier_normalized_distortion,1.000000000000
token_distortion,ast_type_distortion,0.941809319152
token_distortion,control_profile_distortion,0.627685265015
token_distortion,identifier_multiset_distortion,0.763251020608
token_distortion,identifier_style_distortion,0.536138012764
identifier_normalized_distortion,character_distortion,0.914959476369
identifier_normalized_distortion,token_distortion,1.000000000000
identifier_normalized_distortion,identifier_normalized_distortion,1.000000000000
identifier_normalized_distortion,ast_type_distortion,0.941809319152
identifier_normalized_distortion,control_profile_distortion,0.627685265015
identifier_normalized_distortion,identifier_multiset_distortion,0.763251020608
identifier_normalized_distortion,identifier_style_distortion,0.536138012764
ast_type_distortion,character_distortion,0.918053196589
ast_type_distortion,token_distortion,0.941809319152
ast_type_distortion,identifier_normalized_distortion,0.941809319152
ast_type_distortion,ast_type_distortion,1.000000000000
ast_type_distortion,control_profile_distortion,0.427001863757
ast_type_distortion,identifier_multiset_distortion,0.876302669508
ast_type_distortion,identifier_style_distortion,0.690172699467
control_profile_distortion,character_distortion,0.467645945745
control_profile_distortion,token_distortion,0.627685265015
control_profile_distortion,identifier_normalized_distortion,0.627685265015
control_profile_distortion,ast_type_distortion,0.427001863757
control_profile_distortion,control_profile_distortion,1.000000000000
control_profile_distortion,identifier_multiset_distortion,0.160026290022
control_profile_distortion,identifier_style_distortion,-0.109006026629
identifier_multiset_distortion,character_distortion,0.769326298272
identifier_multiset_distortion,token_distortion,0.763251020608
identifier_multiset_distortion,identifier_normalized_distortion,0.763251020608
identifier_multiset_distortion,ast_type_distortion,0.876302669508
identifier_multiset_distortion,control_profile_distortion,0.160026290022
identifier_multiset_distortion,identifier_multiset_distortion,1.000000000000
identifier_multiset_distortion,identifier_style_distortion,0.844646276873
identifier_style_distortion,character_distortion,0.670915115283
identifier_style_distortion,token_distortion,0.536138012764
identifier_style_distortion,identifier_normalized_distortion,0.536138012764
identifier_style_distortion,ast_type_distortion,0.690172699467
identifier_style_distortion,control_profile_distortion,-0.109006026629
identifier_style_distortion,identifier_multiset_distortion,0.844646276873
identifier_style_distortion,identifier_style_distortion,1.000000000000
