mixture,tv_radius,certified_strict_winners
balanced,0.00,lexical
balanced,0.01,indeterminate
balanced,0.05,indeterminate
balanced,0.10,indeterminate
balanced,0.20,indeterminate
balanced,0.30,indeterminate
balanced,0.50,indeterminate
rename-heavy,0.00,structural
rename-heavy,0.01,structural
rename-heavy,0.05,structural
rename-heavy,0.10,structural
rename-heavy,0.20,structural
rename-heavy,0.30,indeterminate
rename-heavy,0.50,indeterminate
structure-heavy,0.00,lexical
structure-heavy,0.01,lexical
structure-heavy,0.05,lexical
structure-heavy,0.10,lexical
structure-heavy,0.20,lexical
structure-heavy,0.30,indeterminate
structure-heavy,0.50,indeterminate
