held_out_project,retained_modules,failures,success_rate
Mako,115,112,0.026086956522
aiohttp,115,112,0.026086956522
anyio,115,112,0.026086956522
asn1crypto,115,112,0.026086956522
attrs,115,112,0.026086956522
babel,115,112,0.026086956522
beautifulsoup4,115,112,0.026086956522
cattrs,115,112,0.026086956522
charset-normalizer,115,112,0.026086956522
click,115,112,0.026086956522
coverage,115,112,0.026086956522
defusedxml,115,112,0.026086956522
dnspython,115,113,0.017391304348
h11,115,112,0.026086956522
httpx,115,112,0.026086956522
idna,115,113,0.017391304348
jinja2,115,112,0.026086956522
jmespath,115,112,0.026086956522
lark,115,112,0.026086956522
mistune,115,112,0.026086956522
packaging,115,112,0.026086956522
requests,115,112,0.026086956522
rich,115,113,0.017391304348
urllib3,115,112,0.026086956522
