task,domain_cases,python_hash,javascript_hash,equal
leap_year,801,0c532d4923c2ece1ecb8161e1e243f679a440c5c61dfac7034bb6b75a74a6407,0c532d4923c2ece1ecb8161e1e243f679a440c5c61dfac7034bb6b75a74a6407,True
collatz_steps,500,0903d1bb6fe7f7babe70c59dddc0323fb5d4c1fdd4b9bd5afc2b438bb330c71d,0903d1bb6fe7f7babe70c59dddc0323fb5d4c1fdd4b9bd5afc2b438bb330c71d,True
raindrops,500,13ae0f702374347f27583720c804f562ebcb150c2da5ff6f3989c293e860afa8,13ae0f702374347f27583720c804f562ebcb150c2da5ff6f3989c293e860afa8,True
grains,64,e1f7cba1767442a1375883f469f6fd81ade66e4d0048f99b8744a5693b74c4a3,e1f7cba1767442a1375883f469f6fd81ade66e4d0048f99b8744a5693b74c4a3,True
hamming,4369,83b376315040df022ac301f45fa7fd42d8e9ce84b49900b3063a140ceaefc9b3,83b376315040df022ac301f45fa7fd42d8e9ce84b49900b3063a140ceaefc9b3,True
isogram,1365,3c79b1c7031485a4813b94ef300694bc4dba82b6a06f48d1d45b5680919d79c3,3c79b1c7031485a4813b94ef300694bc4dba82b6a06f48d1d45b5680919d79c3,True
triangle,1331,8b26f0227bd40fe4d0432ef07c21696c73ccd692da53f1f7b1ec01bac0992996,8b26f0227bd40fe4d0432ef07c21696c73ccd692da53f1f7b1ec01bac0992996,True
luhn,11000,573b456370978ecfb2ec13517ca3858b92199f287af4d3c759b8193fdc104a7f,573b456370978ecfb2ec13517ca3858b92199f287af4d3c759b8193fdc104a7f,True
darts,625,332a3b21ea07269e71bdc2f388515a841268788260feac5f754bc73860650e15,332a3b21ea07269e71bdc2f388515a841268788260feac5f754bc73860650e15,True
armstrong,10000,dce6dfaa2af052eea26aa5ce4a866406381380faa51bb5013ed92b60cc3e249c,dce6dfaa2af052eea26aa5ce4a866406381380faa51bb5013ed92b60cc3e249c,True
nucleotide_count,1365,90c97daea0d8016945a30d82072e214dd76504f3199adb1311f567b164c30f0c,90c97daea0d8016945a30d82072e214dd76504f3199adb1311f567b164c30f0c,True
reverse_text,1093,d1e8e1bde8b6aa61708cebe0679f4b9142e53bc17142b5c50af626045a1bcb6c,d1e8e1bde8b6aa61708cebe0679f4b9142e53bc17142b5c50af626045a1bcb6c,True
